location_id,time_id,vehicle_count,avg_speed
1,1,18,48.53
2,2,32,50.22
1,3,22,47.81
3,4,33,50.7
2,5,49,37.07
1,6,13,73.86
3,7,111,36.66
2,8,43,48.19
1,9,96,23.55
2,10,62,29.02
1,11,115,37.92
2,12,29,75.19
2,13,11,40.22
2,14,56,32.24
4,15,24,72.95
2,16,57,70.45
2,17,15,31.68
1,9,78,37.89
3,18,33,71.22
4,19,31,73.64
2,20,103,36.43
1,21,106,15.94
2,22,109,14.77
1,23,44,47.38
4,24,28,70.01
3,25,37,50.59
4,24,58,45.0
1,26,51,51.38
2,27,58,44.81
1,28,84,19.27
1,29,114,37.75
4,30,111,21.51
3,31,118,11.36
3,32,24,31.05
1,33,17,37.31
4,34,33,74.04
2,35,30,71.53
1,36,31,50.84
2,37,21,76.47
4,38,58,70.58
3,39,22,64.4
3,40,28,36.74
4,41,60,78.29
2,42,60,66.51
1,43,57,67.65
2,44,112,36.48
4,45,12,77.96
3,18,50,52.39
3,46,20,49.43
1,47,44,42.61
1,48,26,51.44
1,49,30,75.78
2,50,48,51.12
1,51,25,53.74
3,52,12,49.68
4,53,37,35.46
3,54,36,47.57
1,55,13,57.21
4,56,84,38.25
1,57,53,55.23
1,58,61,21.67
3,59,117,16.19
2,60,44,55.11
2,61,13,65.9
2,62,95,36.23
2,63,24,76.76
3,64,82,39.78
2,65,71,26.18
1,66,15,36.73
2,67,105,16.59
1,37,55,66.69
2,68,39,43.48
1,69,108,31.01
1,70,69,39.65
1,71,52,40.29
3,47,58,46.15
4,72,26,48.12
1,73,25,41.63
1,74,65,17.17
1,75,55,59.73
1,76,27,73.76
1,77,33,30.59
4,78,21,47.99
1,79,35,50.96
4,80,47,45.37
2,81,39,49.85
1,82,22,58.46
2,83,33,63.13
2,84,54,67.23
3,85,49,70.6
1,86,35,36.12
1,87,88,10.23
2,88,42,67.57
2,89,45,46.64
1,90,40,70.98
1,91,44,65.24
2,17,46,38.43
4,92,94,19.5
4,93,85,11.86
4,94,60,72.41
1,95,47,64.8
2,96,44,64.72
1,97,18,46.76
2,98,15,78.16
2,99,61,11.81
2,100,19,46.14
3,101,83,16.91
3,102,51,46.69
1,103,69,15.35
3,104,32,41.19
3,105,96,17.79
3,106,48,40.04
3,107,29,45.37
4,108,45,30.7
4,15,58,75.09
1,109,31,50.25
3,110,16,66.22
4,111,21,51.29
1,112,26,62.93
4,1,19,56.76
2,113,65,17.93
4,114,15,41.32
3,115,80,10.17
2,116,57,57.08
3,117,13,48.57
1,118,33,46.78
2,119,59,67.86
2,120,19,43.53
2,121,49,31.12
3,39,17,72.89
1,117,23,56.08
2,122,44,42.9
4,123,49,31.88
1,124,38,52.89
2,125,59,41.04
4,126,39,50.31
4,127,24,54.39
2,128,47,44.88
4,11,79,36.28
1,12,25,47.19
1,129,12,41.44
2,130,55,70.34
3,131,60,39.7
4,132,27,67.63
4,133,26,31.28
1,134,60,67.02
3,43,30,79.69
2,135,34,55.8
3,136,20,43.48
2,137,52,38.21
2,138,58,53.01
1,139,84,21.84
1,140,98,17.78
1,141,101,22.54
4,142,86,10.05
2,143,46,36.51
1,144,110,18.93
2,145,102,17.77
4,146,74,35.13
4,147,26,56.18
3,148,12,30.87
3,149,47,61.21
1,150,21,52.17
2,151,26,31.38
2,152,19,38.59
2,153,50,54.18
3,154,59,58.6
2,155,17,47.6
3,156,10,47.87
4,157,116,16.46
1,158,32,39.73
2,159,46,38.5
4,160,39,34.76
4,71,11,30.75
4,161,48,32.39
2,162,65,16.36
4,163,58,75.66
3,164,117,20.21
1,165,58,37.86
2,166,14,33.93
2,150,26,60.83
1,117,17,38.72
3,167,65,36.66
3,168,73,13.27
1,169,25,72.14
2,170,43,39.47
2,133,11,36.31
2,171,25,70.33
4,172,119,29.64
4,135,37,47.22
4,173,31,34.14
3,174,44,42.26
4,175,29,74.85
4,176,111,32.16
2,177,104,35.23
3,178,17,68.31
4,179,36,60.3
1,180,22,53.13
2,181,44,49.43
4,182,60,31.1
1,183,67,23.15
4,184,30,55.18
3,185,12,42.91
2,186,65,15.12
2,187,59,48.21
3,188,58,43.67
4,189,26,34.94
4,190,35,55.56
4,191,107,24.54
2,192,11,42.18
2,193,38,44.13
3,131,65,24.99
3,194,99,32.47
4,195,70,11.57
4,196,68,26.0
2,197,24,66.7
2,198,58,77.64
2,199,51,48.09
2,200,30,65.88
3,201,53,57.23
3,202,63,33.57
1,203,97,26.03
1,204,93,31.19
3,205,98,20.2
2,206,44,64.39
4,207,11,60.59
4,208,23,63.43
4,209,74,28.09
3,92,95,26.78
4,16,51,32.02
1,210,38,33.43
1,97,49,35.34
1,211,11,78.96
4,212,88,29.31
4,213,91,10.63
4,214,48,33.57
2,113,76,22.74
4,215,109,17.44
1,216,25,48.43
2,217,43,43.13
1,218,14,74.98
4,219,42,50.53
1,220,29,59.99
4,221,37,75.07
1,222,100,30.66
2,223,41,30.7
4,224,24,45.75
2,225,66,35.01
2,226,51,74.45
4,227,59,62.59
2,228,84,18.7
1,229,74,28.49
4,230,22,73.38
4,231,106,22.75
1,130,23,73.8
1,232,14,33.84
1,233,13,78.46
4,234,69,29.1
3,235,34,62.68
3,42,15,70.24
3,236,31,49.65
2,237,60,78.58
4,238,30,76.08
4,239,51,58.07
3,240,39,36.14
3,241,62,10.57
3,242,54,44.85
4,114,53,47.11
3,243,39,40.05
4,244,25,46.76
2,227,28,59.58
1,245,33,78.55
2,54,36,42.92
1,165,33,62.07
3,246,29,68.39
1,247,75,16.72
2,248,14,67.47
1,249,52,47.45
3,239,43,52.42
4,250,62,28.64
3,251,84,27.36
4,252,17,51.75
3,253,49,38.71
3,254,13,72.34
1,255,40,70.1
2,137,16,67.88
2,256,26,42.42
1,257,40,44.36
3,258,86,23.26
1,259,84,30.53
1,155,42,72.75
4,260,42,39.5
1,261,37,76.64
1,262,35,73.29
4,263,39,75.96
2,264,38,77.55
2,265,57,40.46
2,266,14,43.69
2,267,83,30.84
1,268,90,12.29
2,269,38,58.14
2,270,120,23.57
2,162,120,18.19
3,271,67,38.75
2,272,72,13.94
1,273,52,77.68
3,274,15,48.68
4,241,75,17.93
3,115,94,25.07
2,275,18,68.21
4,276,54,78.6
4,277,83,10.18
1,278,97,18.88
1,279,59,35.94
4,280,31,53.95
3,281,76,28.29
3,282,77,31.01
1,283,57,58.77
4,284,74,33.25
2,285,75,31.84
1,286,50,32.45
1,287,11,60.71
2,288,35,34.48
4,194,105,26.42
2,289,80,37.48
2,244,40,66.81
2,290,89,23.94
2,291,77,20.07
3,292,10,42.47
3,293,60,70.59
3,294,17,46.62
4,295,24,41.8
4,296,43,48.74
3,297,14,63.82
1,108,50,73.72
2,298,24,66.01
3,299,114,39.08
4,300,42,33.46
3,301,31,39.28
2,302,39,65.93
4,303,36,53.76
4,304,41,33.31
4,305,52,73.89
1,306,96,22.68
3,307,95,29.75
1,274,24,79.05
4,308,91,22.89
4,309,21,42.1
4,310,45,71.45
2,311,119,29.26
2,312,39,37.8
4,313,85,12.33
4,314,28,64.29
1,315,44,52.8
2,48,15,74.51
1,316,41,61.87
1,317,57,68.92
1,318,40,67.98
3,319,40,45.77
3,320,33,43.6
1,321,43,54.31
4,322,41,48.06
2,208,60,79.66
4,323,59,56.54
2,324,115,33.03
1,264,60,39.47
3,25,12,44.2
1,325,12,32.67
2,326,99,19.65
4,51,17,63.64
1,327,53,51.56
2,328,96,20.67
3,329,67,36.36
2,330,107,30.14
2,331,21,61.68
3,332,59,65.52
1,333,60,23.06
4,133,57,76.57
3,334,30,54.43
1,335,17,59.71
3,336,31,62.2
2,337,55,56.86
3,338,23,62.97
1,339,28,78.84
2,340,21,47.11
3,341,76,30.16
2,342,74,36.37
4,343,39,34.79
1,68,30,35.97
3,71,14,64.91
4,344,55,61.09
1,345,100,33.0
3,74,112,22.57
3,346,44,70.43
4,135,15,48.24
4,347,56,39.0
2,348,29,72.09
4,349,30,79.97
3,73,51,78.37
3,350,77,37.95
1,351,61,30.21
4,68,41,63.09
2,352,50,77.77
3,353,99,30.0
4,354,19,47.92
4,355,14,67.59
2,356,27,36.48
4,357,14,57.91
4,358,23,34.04
1,359,101,11.72
3,360,81,11.43
3,361,27,56.32
1,282,97,26.12
2,362,22,31.39
4,96,32,50.86
3,363,106,29.36
4,290,105,24.46
3,342,61,12.94
3,364,21,40.0
2,365,64,16.41
2,366,28,79.26
1,367,14,43.09
2,368,40,36.26
1,369,41,36.48
3,370,48,77.27
2,371,24,63.19
3,372,31,37.08
1,373,57,68.31
4,374,44,34.45
2,375,16,60.51
4,376,53,60.29
2,377,15,61.52
3,378,103,30.92
1,379,31,31.73
2,380,38,31.15
2,218,10,35.21
2,381,26,68.28
1,382,98,32.95
4,383,35,55.39
1,384,21,34.64
3,385,29,75.15
3,386,15,44.65
1,387,15,62.13
1,388,41,60.91
1,389,17,77.35
3,390,29,39.31
2,391,54,42.74
3,392,56,61.38
4,393,79,18.83
4,394,30,59.6
2,395,13,48.87
1,396,87,10.55
3,4,51,55.41
4,397,17,61.43
2,398,85,12.21
1,399,32,70.08
1,400,64,24.27
3,401,65,14.97
4,58,105,29.44
4,402,47,67.44
1,380,19,36.91
1,403,81,37.21
1,404,58,65.04
1,405,82,14.24
4,406,39,63.62
3,407,54,55.43
2,204,101,26.93
1,408,43,71.81
3,409,39,56.96
4,410,37,46.1
3,411,75,30.87
3,412,57,31.12
1,413,59,33.18
3,414,45,60.86
4,415,97,19.59
1,416,72,32.36
1,417,52,65.19
3,418,59,75.8
2,419,54,77.86
4,420,58,40.94
3,421,17,49.28
2,418,21,55.64
4,422,102,22.97
4,366,23,57.75
3,423,114,34.17
1,424,54,50.5
2,425,97,24.58
4,426,24,53.59
2,427,81,15.12
1,428,46,38.37
4,429,26,65.57
1,430,58,46.3
4,83,10,60.47
4,431,21,68.14
4,377,48,45.21
4,432,17,40.36
1,433,108,18.39
4,434,56,71.87
3,148,51,61.32
2,285,106,30.68
2,435,85,38.76
1,214,48,66.86
4,348,10,51.17
3,436,116,27.43
4,437,81,29.09
3,438,24,69.44
4,439,24,71.72
4,440,47,72.53
4,441,38,61.67
4,242,16,62.87
4,442,52,54.7
4,443,15,62.19
3,444,35,70.46
1,445,35,54.29
2,446,38,31.57
3,447,51,79.41
2,448,14,35.61
4,449,71,36.08
3,450,38,38.03
2,451,95,16.13
3,452,15,50.43
4,453,13,68.48
4,454,116,39.82
2,455,110,28.75
1,456,70,22.36
2,457,22,39.0
1,458,51,51.08
1,459,26,41.84
4,460,54,46.6
1,248,42,47.18
2,461,54,43.85
4,62,108,13.78
2,275,13,34.94
4,416,67,16.41
4,462,36,70.96
4,463,17,73.26
1,137,53,55.94
1,253,41,65.89
4,464,70,21.83
4,419,27,53.37
3,465,52,66.64
3,466,44,58.39
3,136,13,40.69
3,17,58,59.97
2,467,35,40.81
2,468,92,23.03
1,469,58,55.45
1,470,41,74.9
1,471,17,75.98
3,193,47,71.16
1,472,53,69.55
2,473,40,68.67
4,474,15,62.34
4,475,23,31.05
1,476,72,21.35
3,477,36,69.35
3,478,50,41.51
4,479,14,70.54
4,180,30,31.11
4,480,11,40.31
4,481,50,71.25
2,482,44,50.07
4,483,31,61.81
4,484,101,33.99
2,485,29,74.79
4,486,55,43.91
4,487,42,62.45
1,336,46,69.39
4,408,49,53.44
4,488,52,35.79
2,489,21,48.04
2,490,49,65.49
1,491,65,33.9
1,234,114,29.94
1,60,39,40.12
2,492,97,22.42
3,493,12,33.19
3,72,38,73.32
4,494,58,61.06
2,495,21,55.56
2,496,35,69.56
2,497,16,33.87
1,420,24,68.22
4,498,91,17.75
3,499,33,62.96
3,500,113,35.3
3,296,38,70.73
4,501,23,46.01
2,502,27,40.08
2,98,59,75.52
2,503,21,42.31
1,328,75,15.95
4,504,70,32.32
2,505,84,26.58
2,110,49,47.35
4,506,118,35.31
3,306,81,28.52
3,507,34,72.18
4,508,15,71.91
3,509,111,38.18
4,499,52,58.87
2,510,89,13.03
3,511,14,38.72
2,512,82,33.44
4,513,99,26.46
2,514,66,18.07
2,515,86,34.06
3,516,27,34.56
1,517,26,53.59
2,518,42,33.07
4,390,51,52.39
4,519,16,70.54
2,158,51,79.23
3,520,95,16.0
4,521,111,15.62
4,522,23,63.87
1,302,46,68.46
2,523,30,55.77
4,524,42,77.9
3,154,43,42.16
1,525,40,53.61
2,526,27,49.08
3,515,90,21.18
4,527,72,20.93
2,219,24,47.52
1,528,65,34.12
1,290,68,27.21
2,529,14,33.74
3,286,57,39.29
3,530,29,73.73
4,531,59,64.38
2,532,97,31.01
2,533,50,43.62
1,534,108,22.9
4,535,88,24.7
4,433,67,22.41
4,536,11,50.31
4,449,102,32.95
4,537,19,63.51
2,538,33,46.37
1,539,79,23.54
4,540,48,42.63
1,218,42,68.28
1,541,65,37.85
4,241,69,33.09
4,206,13,63.71
3,542,104,30.7
4,484,71,20.61
1,543,50,77.41
1,544,29,58.45
3,172,80,19.75
2,545,43,61.04
2,546,111,24.81
2,547,38,35.66
4,548,57,53.62
3,165,50,79.16
4,253,16,30.86
3,105,89,13.88
4,242,17,38.72
3,549,34,48.5
1,550,119,18.73
1,551,26,36.88
2,552,36,50.07
2,553,98,21.19
3,554,34,74.1
2,413,34,53.99
2,555,19,42.76
1,55,46,57.6
1,48,36,70.66
3,316,59,38.28
4,556,27,78.48
3,43,17,38.0
1,450,13,74.22
1,280,58,70.55
2,557,86,28.96
4,286,53,37.97
2,158,20,30.23
4,471,43,37.56
3,558,32,37.34
2,559,28,40.28
3,525,24,68.03
2,560,65,32.58
2,561,38,62.23
2,121,56,57.64
2,562,10,38.43
4,213,108,39.18
3,563,19,37.01
3,564,57,54.93
1,565,85,21.86
4,525,15,74.23
4,254,28,34.93
2,566,26,77.37
1,567,96,32.36
3,568,31,52.13
2,569,59,32.89
3,518,10,50.02
1,570,37,30.81
1,571,84,25.15
3,232,58,44.99
3,426,40,79.3
3,447,32,52.61
3,572,21,44.36
3,573,23,45.59
2,574,14,67.73
2,508,26,42.75
4,575,35,47.12
2,576,35,68.01
4,577,12,56.03
3,38,15,75.49
2,578,44,48.6
1,420,48,49.68
4,57,48,55.39
3,346,36,53.7
4,579,23,69.28
4,580,21,78.49
3,581,65,20.85
3,582,58,36.17
2,583,78,25.23
2,584,100,27.3
1,585,49,35.16
1,334,19,53.65
1,154,44,65.08
1,586,25,71.43
2,269,56,73.15
3,587,109,25.2
2,588,26,73.36
3,589,19,72.48
3,580,52,39.12
2,590,25,77.16
3,383,44,77.04
2,354,22,72.89
4,591,14,70.41
1,592,60,15.75
4,546,62,29.17
4,103,83,11.53
3,593,55,76.56
2,314,24,38.84
3,594,58,59.09
4,595,101,14.04
4,596,53,55.21
2,597,76,19.44
2,598,99,25.26
3,167,113,32.67
2,599,110,39.55
2,600,93,10.16
1,601,67,15.94
2,602,37,63.33
4,113,106,28.76
4,168,60,34.9
1,603,48,42.77
3,230,43,52.84
2,604,26,64.77
3,605,49,54.74
2,375,39,77.56
3,606,35,57.66
2,303,11,67.41
1,607,99,21.35
1,608,97,19.79
2,609,37,57.59
1,610,119,16.51
3,592,92,13.78
2,602,60,30.13
1,611,16,45.15
4,123,46,77.23
2,612,18,54.81
2,613,96,39.06
1,121,12,57.87
4,101,94,39.9
1,614,83,39.32
1,615,113,16.76
2,616,19,76.72
2,617,83,17.67
3,618,62,18.4
1,619,75,15.55
2,620,30,63.3
3,621,17,55.36
2,345,115,12.11
3,249,47,49.6
1,622,33,60.18
1,623,22,56.53
3,308,60,18.42
3,624,47,79.42
3,625,57,54.08
4,605,39,48.63
3,626,71,38.21
4,36,54,60.48
1,627,60,48.19
2,628,114,16.36
3,106,51,76.76
1,554,29,42.3
1,414,31,63.14
1,629,49,31.39
2,50,35,49.22
3,630,72,22.17
4,631,47,75.5
3,485,59,78.91
2,410,20,43.81
2,632,57,70.6
4,562,60,32.22
3,633,117,28.75
1,634,108,16.97
1,635,70,27.52
3,636,51,63.72
3,117,10,36.52
1,637,110,35.8
3,638,31,69.66
2,268,89,15.22
1,639,95,29.94
2,384,55,64.31
4,640,38,46.68
1,416,95,11.63
1,152,39,32.81
4,520,112,28.42
4,227,25,32.88
3,641,84,18.68
4,642,15,60.39
3,643,28,60.53
4,582,58,77.26
1,644,20,34.5
2,80,56,37.66
3,645,21,70.79
2,518,29,77.04
4,646,97,28.48
2,600,90,25.92
3,647,74,17.47
4,64,92,20.28
4,648,95,23.89
2,294,28,45.67
2,161,55,55.33
4,649,106,13.0
2,650,25,79.37
1,337,15,50.87
3,651,114,16.39
4,652,116,24.43
4,653,26,68.34
3,654,45,55.63
1,655,55,41.0
2,656,11,32.74
4,373,58,78.25
1,245,12,40.38
2,488,12,74.03
1,30,82,17.75
3,394,47,76.71
2,393,72,26.74
1,657,117,28.93
1,453,49,61.8
3,4,32,73.93
3,658,59,43.2
3,659,41,43.36
2,660,88,29.14
4,661,26,51.54
1,662,42,43.78
3,206,49,44.56
2,663,70,21.92
3,664,28,46.15
2,665,36,69.76
3,666,71,25.25
3,667,58,44.97
2,315,56,71.94
2,668,82,18.33
4,669,73,15.11
3,336,50,42.92
1,421,30,76.31
1,670,41,48.14
2,173,33,33.2
2,671,44,78.59
1,672,92,20.56
3,673,56,61.34
1,674,51,50.14
2,675,34,68.01
2,676,32,42.67
2,677,43,58.32
4,497,52,76.97
2,148,31,42.8
3,678,19,34.7
2,679,13,55.45
2,680,62,32.29
4,681,56,59.64
1,264,51,47.94
1,304,28,38.77
2,682,22,60.36
1,683,47,34.57
4,684,35,58.84
3,685,41,41.17
4,43,36,74.16
2,686,91,27.55
3,687,78,28.15
4,688,14,67.87
2,689,116,29.65
2,690,61,14.76
1,411,73,33.63
1,329,119,18.15
3,467,41,73.71
2,656,47,39.16
1,198,22,56.55
3,691,54,61.05
1,692,14,51.99
3,693,98,31.17
1,592,104,11.47
3,694,117,14.53
1,484,78,23.94
4,79,47,67.55
3,181,36,67.63
4,483,30,73.98
4,174,33,75.58
4,248,51,42.96
4,695,46,76.67
4,637,63,36.29
3,549,26,62.33
4,253,21,37.49
3,696,42,30.42
2,498,115,24.83
3,152,39,40.32
2,314,15,39.01
4,283,12,55.07
1,697,40,54.93
1,56,69,25.42
4,369,46,56.12
1,698,22,55.98
2,484,97,33.49
4,101,67,13.63
3,699,10,47.73
4,398,109,16.33
2,451,113,32.07
2,700,69,17.23
4,234,100,18.84
3,701,94,17.91
4,459,29,61.53
1,563,28,66.74
2,702,61,17.42
3,703,88,33.33
1,499,50,49.37
3,700,82,32.9
4,704,16,72.44
2,705,56,48.05
1,706,60,67.67
2,707,58,36.11
3,332,17,42.5
2,49,26,35.73
1,421,46,68.66
3,708,19,42.92
1,709,44,51.29
4,318,54,45.42
1,544,22,53.07
2,710,34,30.83
4,592,119,21.44
2,102,20,56.76
3,658,29,63.01
3,711,74,33.69
2,80,48,43.39
1,487,42,60.22
2,712,18,77.41
4,342,61,12.33
2,713,16,54.55
2,714,49,72.08
1,90,44,54.79
2,254,11,32.7
3,715,10,65.51
3,494,10,60.57
2,716,109,27.96
1,717,46,73.7
1,718,35,56.07
4,719,60,64.86
2,682,55,34.48
3,720,20,38.1
4,392,24,53.04
3,105,78,13.3
1,721,43,42.6
4,722,11,57.06
3,723,111,21.3
3,633,67,39.25
4,724,110,25.92
2,534,72,20.82
1,725,48,50.39
3,726,24,33.83
2,476,90,35.65
4,633,106,26.83
3,456,111,19.69
1,727,114,39.35
2,728,21,60.78
3,729,36,72.21
2,730,58,35.07
1,87,103,17.16
3,146,70,27.21
4,731,14,48.99
2,732,44,41.18
4,625,15,71.9
4,357,47,61.67
3,406,50,39.0
2,25,39,77.73
3,733,112,15.91
2,734,55,57.01
2,405,114,36.15
4,82,25,48.16
2,735,55,60.97
3,549,33,38.72
2,94,46,45.08
2,377,15,59.59
1,108,60,34.11
4,736,85,31.78
2,737,42,56.14
4,325,17,64.04
4,110,25,36.82
3,551,25,47.2
2,738,112,38.06
2,611,54,34.53
2,739,44,56.5
4,740,28,77.38
3,741,27,66.09
1,379,31,76.43
3,742,37,60.34
2,743,12,79.34
3,440,55,58.41
2,513,102,21.64
3,744,33,32.77
2,394,57,43.38
3,701,72,10.94
2,745,53,35.65
4,661,40,64.1
1,746,99,26.6
2,458,27,41.33
1,163,16,72.72
1,747,45,75.74
2,748,19,44.87
3,464,115,14.81
3,749,38,62.5
2,72,22,47.99
2,269,59,31.93
4,274,14,49.66
2,750,30,35.14
3,751,52,61.79
3,752,117,23.49
4,565,75,10.73
2,753,47,62.33
1,25,58,48.01
1,664,49,50.27
3,440,17,69.9
1,754,30,30.23
2,731,42,75.49
3,755,23,30.61
2,756,22,77.03
4,757,76,24.85
4,758,40,69.84
3,686,117,19.58
2,383,29,43.03
1,759,12,44.51
4,590,30,66.73
4,760,68,36.59
2,761,27,31.31
3,762,72,19.87
4,65,66,17.06
3,27,46,46.24
1,763,42,52.71
3,764,105,21.69
2,758,49,39.97
4,463,56,40.72
3,548,18,71.54
1,765,105,11.34
2,22,74,33.55
2,766,33,64.59
2,767,22,66.45
4,357,46,76.98
4,768,120,15.45
2,714,27,53.91
1,506,80,17.49
4,593,15,65.49
1,769,29,73.33
3,241,75,28.86
3,752,118,29.41
2,770,49,66.91
1,729,26,47.99
4,531,50,71.41
1,771,36,72.05
4,503,21,43.1
4,772,60,47.07
2,773,41,77.1
1,774,45,33.56
1,610,99,35.93
4,251,81,20.55
1,775,55,52.4
4,301,17,53.47
2,372,39,60.75
1,776,18,62.23
2,233,28,55.51
4,135,34,51.29
4,777,44,51.47
2,705,16,40.68
1,72,55,34.82
3,778,97,16.34
3,779,43,58.94
4,780,30,67.55
3,284,61,17.94
3,781,45,48.37
1,722,42,61.0
3,680,79,39.97
1,371,33,68.65
1,672,68,15.98
3,782,120,14.03
2,531,55,52.01
1,558,41,71.3
4,783,101,16.4
1,784,27,74.16
3,264,48,38.67
2,19,10,38.13
2,785,50,44.9
2,786,36,35.62
3,787,42,65.42
2,788,118,39.97
2,500,102,16.78
3,366,59,48.94
1,789,29,58.29
3,327,28,56.57
3,790,25,47.16
1,791,24,77.8
2,244,36,64.61
3,792,38,41.58
4,793,21,50.17
4,563,50,60.97
3,458,51,51.17
1,794,64,10.67
2,83,36,36.44
4,795,57,63.7
1,645,44,62.94
3,796,20,65.68
3,797,15,39.42
3,117,20,72.32
4,798,36,31.26
3,799,23,71.74
3,178,45,50.13
2,800,95,16.97
4,566,14,37.04
2,14,27,30.74
4,801,29,42.38
4,727,117,19.69
3,564,29,57.49
3,218,42,50.75
1,802,99,17.41
3,758,29,32.27
1,803,113,33.92
3,804,32,57.12
3,714,12,78.7
4,359,103,36.78
4,805,103,37.11
3,806,18,43.0
3,575,49,50.64
3,401,72,24.35
4,277,78,10.42
4,807,10,31.59
1,634,93,39.18
1,808,85,24.71
4,296,12,52.9
1,809,117,34.13
1,728,26,47.52
3,810,53,38.41
4,811,17,61.99
3,812,26,56.35
1,813,53,43.99
1,562,32,60.78
2,814,51,59.44
3,815,62,24.51
2,602,44,41.75
2,816,37,48.0
2,817,56,69.41
2,721,12,58.08
3,818,24,32.5
2,574,15,34.31
4,124,37,65.37
3,819,68,30.51
2,716,109,16.49
2,820,105,29.86
3,773,51,54.28
3,17,42,66.86
3,821,51,65.0
1,822,52,61.51
3,823,120,35.18
4,824,25,79.54
3,825,61,13.47
1,71,46,54.01
4,826,89,35.92
2,827,12,37.78
2,828,39,38.72
4,829,97,12.39
2,495,52,30.08
4,830,38,54.37
1,831,55,33.46
4,26,51,55.25
3,152,42,76.46
4,620,31,39.81
3,832,51,39.24
2,295,49,65.04
4,751,54,57.92
2,754,54,71.34
1,614,81,23.51
1,690,97,28.89
3,147,36,78.86
4,161,50,31.37
4,833,67,13.14
1,834,106,34.38
1,351,74,30.86
1,344,33,60.81
3,835,69,28.18
4,836,53,49.45
4,837,31,33.39
1,519,37,75.3
3,838,62,19.46
4,404,41,71.73
4,839,98,19.6
1,840,28,39.39
3,613,83,31.75
3,432,37,41.9
2,841,16,30.59
4,842,27,46.23
3,843,33,71.99
2,168,65,20.35
4,284,76,35.56
3,211,17,69.15
2,506,77,28.95
4,840,60,62.37
4,844,65,30.21
2,845,73,27.44
3,40,16,60.16
1,846,52,40.73
2,847,29,38.47
1,848,23,71.9
4,849,106,16.07
4,850,56,57.2
4,672,74,19.3
3,851,72,35.35
1,852,60,23.92
4,853,36,40.82
1,799,55,54.36
2,340,13,76.86
3,854,10,63.22
3,855,44,56.76
1,301,17,53.09
1,775,46,66.81
4,797,17,51.77
1,856,46,51.21
3,482,52,78.23
1,223,50,38.76
1,760,80,32.47
1,500,86,27.23
4,857,23,54.56
4,858,43,47.6
2,689,67,10.94
1,859,117,39.66
1,860,35,60.05
3,861,98,24.14
2,447,32,72.29
4,407,50,44.27
1,862,30,66.46
3,609,59,41.86
3,863,100,31.02
4,864,41,79.22
3,865,19,69.29
1,866,104,20.24
1,867,76,10.94
3,247,104,37.16
1,55,19,67.65
4,868,73,10.29
2,869,93,29.68
4,870,54,50.93
3,214,27,38.14
2,871,36,64.92
2,737,58,38.33
4,338,15,31.75
3,872,49,52.63
2,873,32,56.12
1,7,119,32.76
2,409,13,66.24
3,182,67,23.92
4,331,44,52.68
3,874,12,47.74
2,548,39,75.38
2,844,100,21.35
3,493,40,70.91
4,875,76,16.68
2,736,87,20.09
3,876,111,20.9
1,877,88,24.75
2,178,23,32.22
1,116,58,57.09
1,285,64,11.68
2,262,10,49.77
1,379,29,68.23
2,863,75,37.61
2,695,56,55.84
1,715,27,42.63
2,396,71,35.18
4,408,53,73.99
1,874,44,66.98
1,878,79,11.46
2,155,48,50.87
2,879,72,16.26
1,880,35,47.56
2,426,40,51.31
4,353,114,10.74
4,368,54,49.68
3,881,88,39.68
1,882,39,41.84
3,832,32,48.84
3,142,73,21.8
3,375,12,56.67
3,883,19,36.12
3,439,45,52.92
4,447,29,33.64
1,108,48,56.09
3,103,112,18.24
3,771,23,73.66
1,543,32,79.93
1,884,52,30.76
1,885,36,34.89
1,721,32,73.5
1,529,49,40.8
1,886,106,24.48
2,887,26,34.56
2,576,54,57.0
4,419,20,49.38
3,888,12,78.45
2,733,84,26.72
4,180,29,73.39
3,889,78,16.36
1,596,45,65.65
1,268,103,21.03
1,654,41,31.3
1,890,53,58.67
4,609,22,71.01
1,891,93,13.74
4,431,29,35.93
4,668,113,19.09
4,892,46,71.01
3,855,31,51.11
2,225,94,11.26
1,99,70,11.89
3,270,88,24.61
2,893,60,59.87
3,894,23,60.15
1,12,48,55.19
2,561,39,30.3
1,643,24,38.52
1,97,48,61.66
2,498,98,34.48
3,274,19,67.74
2,759,28,40.73
1,259,74,16.82
2,895,29,66.65
4,774,19,65.43
2,896,44,33.41
2,897,89,19.86
2,898,55,65.54
1,504,88,14.75
2,659,38,31.9
4,302,24,61.26
1,430,44,32.79
2,899,85,34.65
3,145,108,13.31
1,900,30,52.19
4,901,104,13.68
4,486,44,66.75
2,902,10,55.5
4,745,30,31.52
1,903,16,45.02
1,881,77,12.88
4,904,106,24.6
2,325,56,73.48
4,905,47,50.44
1,906,11,57.11
3,855,29,53.53
2,820,66,29.69
2,907,38,79.64
4,280,36,55.25
1,242,35,76.99
1,334,37,50.69
4,778,100,32.64
3,513,120,26.15
1,908,15,71.52
2,264,33,52.65
4,440,23,60.41
1,909,53,58.5
4,572,31,75.28
1,465,50,73.38
3,236,31,45.96
2,865,30,54.52
4,261,42,62.58
4,910,34,73.12
2,726,24,59.37
3,704,27,49.9
2,83,39,79.18
1,911,95,12.26
1,912,107,19.66
4,407,57,70.42
2,200,17,42.4
2,799,23,50.49
2,913,30,72.05
1,588,19,48.58
2,914,101,16.63
4,915,100,37.78
2,916,52,54.56
2,152,16,75.17
4,190,27,59.15
4,611,41,52.08
1,394,13,32.73
1,761,10,75.68
3,205,84,35.8
2,321,43,61.17
2,202,116,16.07
3,1,22,79.1
2,34,35,61.48
3,917,109,13.37
4,320,19,54.15
3,888,58,40.56
4,918,69,27.42
4,919,53,56.48
2,233,27,75.53
1,68,33,52.13
2,920,64,30.57
2,431,51,77.92
4,83,34,32.96
1,921,66,29.2
4,456,101,23.62
2,663,68,26.37
4,101,65,27.67
4,709,52,70.69
4,541,79,38.16
1,754,17,32.37
2,283,25,31.55
2,874,52,79.36
3,133,47,56.77
3,922,16,73.38
1,444,16,56.12
1,729,53,69.02
3,446,55,48.45
4,205,66,10.22
3,159,49,65.26
4,923,18,60.03
2,845,60,17.3
1,676,19,40.75
1,744,16,41.83
4,618,109,25.99
3,398,76,36.08
3,477,19,45.26
1,924,37,54.18
1,925,78,21.19
1,35,48,42.4
1,312,27,62.69
3,926,22,37.02
2,21,105,35.38
2,3,48,33.62
4,234,112,28.72
3,621,22,32.66
4,1,33,79.3
4,927,108,39.09
1,928,105,25.46
3,929,94,13.02
3,26,25,72.94
2,529,33,42.16
2,930,38,54.93
3,931,58,70.96
3,681,54,67.26
3,424,20,39.6
2,594,57,54.69
1,670,36,53.68
1,352,29,64.92
1,80,34,62.63
4,887,28,78.12
2,932,28,43.61
2,479,35,59.13
2,681,46,70.1
4,933,49,73.12
4,145,108,20.8
3,119,57,77.06
3,375,41,59.85
1,544,24,71.72
1,521,116,35.24
4,934,36,56.22
2,252,18,47.99
3,823,105,29.14
2,935,46,75.42
4,292,34,48.84
2,936,63,15.99
1,311,110,36.58
3,937,22,41.15
2,484,92,37.96
3,44,96,16.05
4,179,55,37.47
1,706,33,49.74
1,866,85,29.98
2,938,40,57.38
2,609,19,78.89
1,394,39,78.33
3,181,42,36.75
2,611,14,46.48
1,725,46,61.39
3,394,23,55.22
1,939,47,76.55
3,940,22,51.35
2,941,45,31.53
4,942,10,63.93
3,943,41,73.81
2,944,40,68.27
4,367,33,54.68
4,275,20,42.16
4,945,76,31.94
3,69,67,24.29
4,313,106,15.52
4,699,23,70.26
4,175,60,59.02
1,352,53,74.08
4,847,29,47.83
1,831,36,73.12
4,946,24,39.88
3,606,39,53.86
4,613,62,31.49
1,947,21,46.4
3,948,47,42.01
3,674,26,74.25
1,306,108,24.97
2,949,109,25.09
2,246,59,43.98
2,950,27,35.6
3,738,69,35.54
4,22,93,21.88
4,951,59,66.39
3,952,63,24.42
4,762,107,37.63
3,953,104,23.71
3,634,61,11.53
2,459,58,34.13
2,954,36,52.66
4,436,119,32.01
4,623,33,34.29
3,950,48,50.59
1,955,91,24.59
4,19,18,73.49
1,956,23,65.36
2,796,32,41.18
4,929,61,18.71
3,555,37,74.81
2,471,22,44.25
4,957,71,20.79
4,600,77,27.26
2,347,24,78.04
2,943,12,46.27
4,574,52,33.95
1,258,75,18.49
1,925,84,32.32
2,330,112,21.5
1,440,10,63.99
4,445,18,77.83
4,730,26,62.9
1,680,117,24.75
4,958,40,74.38
3,62,97,26.05
3,540,41,77.6
3,530,14,74.83
4,724,68,18.03
4,281,82,16.79
2,959,83,13.01
1,238,59,71.75
4,722,29,71.81
2,960,60,30.97
4,259,85,37.63
3,961,84,23.83
4,515,60,35.23
4,286,48,61.63
4,137,38,31.83
3,962,23,71.08
1,767,22,51.86
1,467,38,43.2
4,963,19,38.91
1,964,50,54.75
3,71,45,76.8
2,754,29,58.06
4,175,47,32.65
4,669,106,18.96
2,220,35,56.48
2,938,17,33.34
2,410,20,45.98
4,965,71,38.87
2,343,33,33.69
4,34,34,65.61
4,966,57,71.79
2,148,10,66.75
4,967,79,16.28
3,515,90,23.86
4,6,18,64.46
4,968,19,33.18
2,492,68,13.72
2,969,20,59.75
4,209,74,33.19
3,970,83,11.14
4,546,105,12.18
1,112,55,78.6
3,946,23,41.47
3,410,25,67.99
3,971,31,45.06
2,148,42,63.6
3,608,75,32.62
1,972,37,72.43
4,619,101,18.11
4,834,118,11.99
3,307,105,39.89
4,973,48,59.46
2,290,87,12.58
1,974,71,21.54
3,975,13,67.84
3,976,25,77.79
4,977,25,69.56
4,978,30,31.04
2,762,97,16.73
2,979,61,28.02
3,980,19,35.88
2,981,55,54.23
4,821,57,48.95
3,982,60,58.79
2,983,91,13.79
1,787,41,73.87
1,625,35,78.09
3,101,62,25.9
2,984,93,31.83
3,360,66,27.12
4,758,18,48.93
1,337,39,35.51
3,361,36,72.71
4,985,29,65.31
1,986,113,19.18
1,573,15,46.96
1,987,15,77.31
3,988,89,29.41
1,989,40,77.98
3,774,16,73.28
1,990,39,79.64
3,202,118,35.01
2,126,40,66.77
2,597,109,33.82
1,672,73,22.62
1,747,25,47.95
4,252,42,52.09
4,571,120,34.69
2,5,17,36.96
3,971,56,52.52
2,991,58,48.14
4,218,26,37.67
1,49,53,68.39
1,594,32,45.48
3,446,21,35.15
2,992,99,11.85
2,322,35,33.38
1,178,14,39.86
3,860,18,55.48
4,993,15,54.75
4,184,42,75.62
1,395,36,35.18
3,31,75,21.29
3,363,97,19.31
2,994,62,17.2
1,619,72,10.37
1,752,118,38.71
1,566,57,33.31
1,102,27,70.73
3,193,53,39.22
3,995,55,76.7
4,706,14,30.06
3,463,48,36.71
3,944,25,55.88
1,967,108,15.33
2,996,34,75.5
3,603,51,54.28
3,997,23,75.61
4,889,89,14.78
2,556,25,47.38
2,753,40,59.13
4,998,110,11.87
4,367,46,30.11
1,122,59,39.76
3,184,41,79.76
3,298,53,39.51
2,30,108,39.34
4,768,82,38.52
4,710,54,48.79
3,999,110,24.26
4,550,108,30.65
3,692,42,40.69
4,430,22,79.3
1,1000,58,39.43
2,1001,11,49.29
3,864,38,70.64
4,333,107,24.74
4,19,60,49.93
4,904,98,34.98
4,318,10,32.7
2,605,46,59.63
3,1002,51,42.91
1,544,26,50.08
2,437,78,25.68
4,1003,39,30.76
2,534,81,21.49
1,790,60,50.89
1,546,119,27.61
3,485,25,35.79
3,61,19,54.5
1,966,12,76.27
1,41,20,36.62
2,287,53,36.02
3,581,120,39.17
1,152,60,71.22
2,252,29,45.54
4,1004,33,45.15
4,229,62,36.78
1,535,93,11.81
2,140,88,21.16
1,33,58,42.61
2,412,19,33.77
1,363,103,16.24
4,310,45,66.98
2,807,12,48.47
2,66,19,70.44
3,1005,98,20.95
3,952,95,22.72
2,1006,44,35.43
4,616,44,38.72
1,1007,72,10.07
3,1008,23,53.47
4,482,34,41.52
2,191,100,11.35
4,916,22,73.41
3,747,47,73.88
2,844,119,13.08
3,304,46,68.34
4,399,48,66.61
1,490,48,75.57
1,650,30,49.01
3,1009,18,30.07
1,380,50,43.83
1,827,19,66.71
1,1010,102,35.24
4,1011,19,74.37
3,1010,110,19.77
4,802,69,12.97
2,56,118,28.31
1,5,60,64.05
1,583,84,35.28
3,1012,51,65.03
3,184,58,66.46
1,766,15,65.8
4,135,57,45.24
2,290,61,29.57
4,660,83,33.83
1,164,105,39.47
2,870,52,58.57
1,722,24,31.25
3,1013,17,58.55
2,392,16,42.61
4,486,43,32.71
2,1014,32,34.49
3,538,34,58.85
1,1015,29,54.61
2,611,39,73.59
4,88,26,31.55
3,534,69,12.4
4,1016,92,20.03
1,1017,58,69.33
2,162,94,38.28
1,468,108,20.18
4,888,17,76.02
1,818,51,67.2
4,429,22,36.43
1,1018,39,52.37
4,1019,23,72.08
1,734,21,70.47
1,858,13,39.29
3,632,51,61.62
2,52,24,71.41
3,1020,81,12.72
1,787,49,54.93
1,570,51,51.04
4,1021,60,69.33
4,1022,32,65.65
3,789,20,44.06
2,954,36,41.75
1,841,30,66.57
1,3,31,35.91
2,984,80,16.93
4,90,21,69.04
4,455,94,14.69
2,1023,64,32.73
2,118,59,64.42
1,390,55,58.7
4,487,39,45.8
1,724,111,30.48
4,613,89,17.75
1,900,41,48.94
1,1024,47,43.22
3,313,84,30.86
1,1025,104,11.84
4,1026,51,40.0
1,1027,35,36.47
3,408,15,49.4
3,1028,66,31.49
2,84,48,39.91
3,1029,23,46.45
2,830,39,43.35
4,320,40,61.68
4,413,39,60.84
1,915,88,19.82
1,1006,28,54.4
3,378,82,36.46
1,588,34,37.36
3,789,60,66.65
4,293,18,42.27
1,450,30,34.36
2,309,35,55.74
4,411,64,22.78
4,695,56,70.46
3,1030,53,69.81
1,1031,43,34.41
2,317,50,67.04
3,587,116,13.67
1,895,32,30.64
2,96,54,43.69
4,471,36,50.22
3,1032,37,58.03
3,1033,114,19.4
1,487,42,78.11
4,658,27,77.4
1,1034,68,31.49
2,10,74,31.26
1,341,113,15.59
3,158,14,64.04
3,899,60,37.23
3,809,76,33.89
2,516,14,78.09
1,364,52,71.38
1,153,18,69.62
1,486,22,74.53
4,1035,85,27.94
3,945,65,36.26
1,651,108,15.73
4,267,95,25.16
3,866,83,18.53
2,418,46,66.58
2,902,27,45.44
4,257,17,76.27
2,491,83,27.54
3,428,24,36.72
2,283,45,37.78
4,599,73,34.2
2,1036,57,47.35
4,1037,99,27.93
1,1038,41,74.96
2,770,23,41.96
4,1039,93,39.85
2,593,31,36.93
3,835,119,33.03
1,712,21,77.1
3,168,97,35.21
3,785,29,53.94
3,316,12,71.45
1,726,46,36.52
2,1040,63,26.56
1,321,18,38.98
1,1041,83,35.14
2,580,48,51.43
2,1042,120,23.13
2,1043,28,32.99
2,1044,37,35.14
4,1034,78,27.47
1,548,51,45.86
2,439,54,44.01
1,1045,85,39.21
3,934,27,42.75
3,16,16,72.37
4,243,29,40.01
1,42,45,49.43
1,369,47,56.18
3,399,52,54.28
2,65,108,22.89
3,392,11,40.07
3,1046,26,57.3
4,1047,22,56.02
2,1048,35,52.36
2,546,112,22.72
3,819,68,16.91
2,1049,76,39.55
4,839,100,15.28
3,1050,50,52.61
4,1051,77,39.48
1,1052,27,67.74
1,494,50,54.59
3,543,16,42.62
3,242,33,58.01
4,577,27,71.87
1,108,40,64.94
3,783,87,19.57
3,573,22,58.12
2,92,61,23.46
3,626,68,22.22
2,786,52,51.24
3,1053,85,18.76
2,275,15,74.58
4,126,47,47.86
4,1054,52,63.49
3,206,33,30.89
2,1055,70,37.16
4,466,56,66.41
2,849,120,19.78
1,909,17,36.26
3,1052,37,65.47
2,639,101,31.6
2,1056,60,68.02
3,1043,44,67.56
3,980,34,52.4
2,60,20,55.95
3,176,84,37.5
2,1023,73,15.95
1,1057,51,62.07
4,907,59,79.37
2,1058,15,39.69
2,1059,90,13.69
1,945,112,18.36
1,888,39,60.38
1,514,112,29.55
4,351,76,39.23
4,782,81,28.01
3,509,111,10.78
3,320,39,68.75
3,731,56,53.49
1,765,95,39.23
2,886,97,24.39
4,1060,49,30.58
4,998,77,27.79
4,9,71,26.08
3,1061,101,28.83
3,1062,11,72.91
1,73,36,55.2
3,387,60,38.96
3,994,85,31.63
4,751,28,35.33
1,16,35,77.2
2,202,70,29.62
4,511,16,75.32
1,316,50,64.26
2,241,62,21.22
3,354,51,33.76
4,1063,58,35.39
1,1064,52,36.17
2,255,50,35.52
3,1065,34,44.72
3,1066,27,74.94
1,683,30,32.0
4,528,98,22.72
2,915,60,38.31
4,805,71,24.92
1,259,116,37.82
4,776,46,55.4
4,1067,38,73.67
4,1068,33,47.9
4,942,58,58.49
3,148,51,78.94
4,1069,38,56.47
4,32,44,37.38
3,754,29,60.69
4,1070,17,62.34
2,769,28,79.43
3,971,48,38.31
4,1071,95,12.61
3,328,115,27.68
2,1072,19,53.59
3,336,60,78.71
1,447,44,67.91
1,1073,21,76.16
1,715,19,69.05
4,433,88,10.49
3,1074,75,28.39
2,1075,17,32.71
3,358,28,54.96
1,1076,42,66.93
3,667,52,46.7
3,150,58,36.71
4,586,20,78.07
2,348,45,63.17
4,626,108,32.37
4,782,109,29.27
1,1077,103,31.29
4,662,55,62.36
4,572,48,79.32
2,1078,56,33.42
4,928,101,12.09
2,364,45,50.16
2,949,67,39.18
4,575,60,39.37
4,392,58,46.39
1,465,56,48.72
4,394,44,40.06
3,1079,72,23.58
2,363,108,25.33
3,221,39,73.6
1,397,51,48.89
3,1080,89,15.25
1,131,106,26.57
3,938,54,73.82
4,1081,86,17.33
2,403,101,21.92
4,893,37,32.92
1,721,54,64.94
3,352,58,66.68
3,945,95,11.98
3,39,34,75.32
4,59,73,30.72
4,1082,48,49.7
2,1083,72,19.01
2,1071,99,18.22
3,145,72,24.39
4,1078,53,56.85
1,580,13,44.27
2,388,21,56.93
4,750,11,53.07
4,218,27,67.14
1,243,13,34.82
4,759,56,56.78
1,702,110,32.35
3,1055,103,18.72
2,855,36,34.23
4,128,60,66.8
1,170,13,40.39
1,1084,68,10.45
4,64,85,19.95
4,518,40,30.26
2,394,38,46.29
4,191,60,37.01
4,470,11,61.6
2,150,18,67.47
3,757,90,18.3
4,1085,43,71.97
2,53,18,56.83
3,953,74,11.54
3,702,73,19.91
4,881,102,19.93
1,687,63,37.44
3,1014,37,30.8
2,283,13,62.73
1,653,27,76.86
3,198,55,41.11
1,1086,57,61.02
3,1087,109,35.04
3,1088,25,48.33
3,1089,110,32.7
1,400,104,27.53
4,294,39,55.72
1,216,41,38.42
1,942,53,43.88
3,1090,33,79.97
4,1091,32,50.5
3,617,70,35.85
3,1058,28,66.42
3,470,47,53.79
4,931,41,43.94
3,465,59,55.97
1,242,60,45.41
1,555,23,48.81
3,456,118,15.05
1,1092,54,71.88
2,1045,98,38.5
2,1093,87,39.46
4,742,57,41.45
4,1007,91,10.33
2,42,24,57.98
4,535,111,12.88
2,1094,50,32.82
3,49,36,31.67
4,712,21,79.02
1,1085,16,66.25
2,1095,45,57.28
1,1096,103,19.46
2,352,50,43.97
2,971,33,62.83
2,837,60,30.83
3,1097,36,41.99
3,366,22,69.26
3,1098,52,77.03
1,1099,115,16.2
1,504,116,17.25
2,1100,57,73.43
4,1101,37,69.61
2,995,38,30.56
4,1102,78,30.91
4,936,120,39.42
2,376,18,59.21
2,1103,14,59.35
4,353,108,11.31
3,1056,27,72.84
4,133,38,52.38
3,1104,45,38.43
2,427,101,16.84
4,319,10,61.79
4,732,33,63.77
4,891,98,11.48
3,392,36,40.92
4,515,120,23.14
2,667,39,35.4
4,1105,99,35.74
4,844,87,19.44
1,1106,75,11.86
2,1107,20,30.93
3,652,117,33.89
1,1,23,33.33
3,1108,55,76.24
1,687,77,35.7
2,1109,57,68.64
2,868,113,32.36
3,330,115,33.87
1,277,69,15.17
2,434,33,79.55
1,11,85,12.64
3,1110,11,39.2
2,308,85,24.9
1,661,25,44.92
2,993,22,53.19
4,888,45,73.23
4,750,48,56.84
1,362,28,49.8
4,816,51,66.34
1,136,36,36.51
1,279,30,45.14
4,879,118,10.38
2,101,95,12.12
4,774,23,48.31
4,231,98,11.07
1,40,22,79.15
1,1089,100,22.81
3,796,13,71.52
4,578,35,31.31
4,731,57,66.0
3,443,23,36.19
1,499,25,63.77
1,161,32,32.46
4,1029,58,54.6
3,553,78,34.91
4,1027,46,60.31
1,681,49,41.45
3,347,23,37.64
4,97,32,51.86
4,688,40,75.83
3,980,34,69.97
2,544,20,49.29
4,1111,20,52.59
2,460,34,77.01
3,738,61,16.7
1,1112,93,25.28
1,881,105,25.14
4,508,60,67.87
3,221,15,60.24
3,449,110,26.57
2,1002,46,45.18
2,1047,38,47.55
1,468,102,22.22
2,1113,91,21.92
1,762,103,23.69
4,1114,30,76.55
4,544,38,32.89
1,436,108,24.0
1,1115,39,75.9
2,699,23,69.02
2,1116,102,33.59
2,571,103,30.64
4,280,15,79.47
3,1117,112,14.53
2,225,70,24.74
1,121,40,78.47
2,77,44,32.63
1,1118,56,78.82
1,69,80,10.99
3,1119,11,67.61
1,398,116,29.54
2,1120,22,38.24
2,1121,20,44.96
2,1033,96,28.92
3,1122,23,75.12
4,1123,17,51.42
4,1098,22,55.22
2,979,92,30.59
2,412,18,52.28
4,691,57,74.71
3,882,30,70.7
2,1079,67,30.85
3,1124,17,37.13
4,194,102,25.01
3,661,45,60.64
3,1125,16,30.15
1,108,56,58.78
4,838,70,33.42
3,699,48,56.73
2,1126,107,20.88
4,399,27,76.42
4,872,34,70.24
3,247,67,16.62
3,937,60,39.49
3,1043,38,44.58
4,286,26,44.45
4,1127,71,33.42
1,565,78,36.53
3,623,50,62.28
4,1076,33,69.89
4,275,20,74.0
3,1096,111,20.25
2,1128,87,29.38
2,778,105,23.79
1,957,118,16.88
4,701,67,13.47
1,378,78,25.68
2,773,28,34.39
3,441,35,75.33
4,190,35,67.14
3,715,15,51.05
2,1129,24,50.43
2,862,56,32.01
3,833,71,15.73
1,143,23,69.6
2,256,40,62.17
4,253,25,53.19
4,595,82,14.17
4,419,52,66.0
2,110,45,78.21
3,650,43,49.67
1,770,47,42.04
2,807,51,61.81
1,907,43,75.24
4,285,107,29.96
4,240,32,56.16
2,1130,78,15.93
2,788,101,33.49
4,1131,18,36.93
1,1132,108,30.3
4,344,45,36.85
3,178,36,61.76
2,60,24,46.8
1,157,64,23.58
2,118,15,38.75
2,1133,62,30.7
4,410,59,60.15
2,747,28,55.74
4,686,64,23.45
1,1134,69,23.64
1,741,15,63.8
1,493,16,30.68
3,1135,95,27.12
2,721,26,63.2
3,557,103,37.35
4,909,19,34.23
1,56,118,20.37
4,161,49,33.69
1,917,107,35.55
3,65,107,18.02
4,355,22,44.9
4,1136,105,17.44
3,771,52,76.73
3,753,24,56.24
4,1137,56,38.34
3,341,66,38.52
2,1138,12,52.87
4,1139,51,73.21
4,744,55,36.97
4,445,46,32.99
1,359,61,13.7
1,695,49,43.65
4,791,15,74.05
3,29,62,23.4
2,893,25,47.41
3,284,92,23.12
3,512,111,16.03
2,1140,66,18.07
4,1141,22,31.59
1,769,30,79.92
4,504,68,24.38
4,21,78,24.48
2,666,75,25.26
4,467,59,62.62
1,1001,30,31.71
1,1049,76,25.19
4,692,30,60.16
2,768,95,19.0
4,890,45,65.68
1,1142,68,38.03
4,27,33,54.72
3,1143,11,66.8
2,990,42,53.37
3,133,24,64.35
1,212,96,14.24
4,152,35,37.83
2,837,16,62.86
2,454,67,10.79
2,767,16,32.26
4,1144,85,29.01
2,1145,53,38.23
4,192,48,71.08
4,331,60,44.56
2,2,53,45.1
2,426,11,39.87
2,949,92,18.65
3,254,53,72.97
2,1146,68,39.22
3,286,55,56.48
2,251,65,11.64
4,988,103,16.47
4,505,115,38.14
4,159,10,38.62
1,1147,53,54.89
2,154,40,52.57
2,956,58,77.72
2,1148,88,31.33
2,1069,16,70.03
1,912,110,35.53
1,786,25,35.52
2,537,13,53.12
3,1149,64,32.88
4,218,35,59.48
4,1150,55,43.26
4,1151,42,40.31
3,634,97,11.8
3,578,46,46.3
3,275,42,65.15
3,149,22,68.58
3,323,56,40.99
3,201,53,61.42
4,1152,30,69.1
4,918,93,35.11
2,507,38,48.22
1,983,65,19.2
1,347,35,60.65
1,421,39,60.82
2,1153,97,35.43
4,789,17,79.09
1,1154,12,53.27
3,1155,17,39.32
1,442,26,75.67
1,1137,58,67.1
4,941,34,30.96
2,1123,41,34.32
2,951,48,43.92
3,1156,54,53.24
2,885,29,66.77
1,9,115,21.92
2,59,89,26.43
4,767,17,67.91
2,1077,99,36.17
3,294,23,71.02
3,1157,75,39.39
4,242,11,79.91
2,1158,65,27.73
2,354,35,58.49
2,555,54,62.36
2,152,44,36.97
2,242,31,34.37
2,355,52,61.02
4,1048,32,74.15
3,939,35,30.22
2,1145,41,59.79
1,78,23,35.81
1,1159,90,13.86
2,59,64,27.82
1,943,50,54.17
3,810,10,66.71
3,1036,34,31.37
4,1160,16,56.15
2,1113,60,29.23
4,730,13,42.43
4,358,31,76.05
1,683,27,76.81
1,763,38,57.42
4,639,104,26.9
1,496,15,41.18
4,800,103,26.71
3,1161,28,31.55
1,533,42,75.32
2,64,111,15.77
4,1036,47,56.52
2,135,42,72.04
4,1043,43,79.16
4,367,58,30.61
4,1162,102,30.0
3,275,59,65.2
3,997,17,60.18
3,605,42,65.55
4,1076,54,38.9
1,1127,105,33.9
1,254,57,32.5
4,1163,60,71.49
2,443,47,52.38
1,358,14,55.99
1,356,58,56.04
4,1164,69,21.7
4,141,118,32.37
2,1165,56,35.92
4,1166,21,71.74
4,601,61,27.09
1,801,57,61.08
2,1167,27,37.41
1,188,43,35.0
3,237,39,37.29
3,121,22,63.64
2,242,57,78.02
1,957,75,19.51
4,541,68,30.39
4,1116,102,36.9
4,384,30,54.46
1,271,70,21.96
3,758,30,62.48
1,1168,114,22.52
2,614,107,23.97
1,962,54,70.52
2,341,110,12.28
4,326,84,20.42
1,1169,74,28.33
2,996,34,61.18
1,1170,52,37.76
2,142,72,33.13
3,156,45,41.16
2,1041,92,38.17
4,147,58,63.46
3,518,18,54.46
1,427,80,29.75
4,452,21,75.36
4,328,109,37.27
2,664,34,79.61
1,267,97,18.83
1,680,82,14.97
3,337,51,48.02
3,604,51,34.48
1,475,20,78.92
2,921,72,19.61
4,115,115,17.37
3,330,67,26.33
1,1171,70,24.56
2,1172,76,29.38
4,305,28,66.6
1,1173,44,74.97
3,17,45,46.62
3,59,76,37.25
2,797,55,60.44
2,1174,100,29.03
2,349,39,38.69
3,1175,59,63.03
1,1176,25,49.74
2,1177,55,33.22
4,237,37,75.31
2,702,88,23.37
1,1132,103,25.71
1,1149,112,38.85
2,239,28,66.92
2,1018,26,59.39
1,1072,24,78.92
2,354,56,45.16
1,1178,112,29.84
2,1179,104,22.73
4,794,79,22.55
1,207,26,36.73
2,973,26,39.77
3,886,91,29.59
3,1123,39,58.51
3,1003,35,33.12
3,818,32,54.4
4,1069,60,69.07
2,1033,114,20.39
3,1180,88,25.02
1,923,38,53.43
2,310,23,34.86
4,1181,57,57.66
2,1051,69,24.17
4,353,119,12.35
4,552,12,39.49
3,780,21,65.57
4,224,51,35.56
2,841,33,52.45
2,604,14,34.51
2,98,22,57.7
4,395,44,75.56
1,567,68,18.14
3,490,44,47.57
2,582,41,38.87
4,1093,70,13.8
1,643,56,63.72
2,511,39,69.0
2,197,21,67.92
2,1182,93,25.4
4,448,55,52.47
3,393,95,29.77
3,1105,110,16.99
1,588,43,76.93
4,1104,31,52.57
1,1114,35,79.85
2,58,79,30.04
1,902,58,63.91
4,627,21,38.03
4,140,85,20.13
3,254,57,48.77
3,817,15,53.93
3,965,113,31.54
3,248,53,73.37
2,792,60,39.16
3,1183,120,31.1
2,630,95,28.98
3,1184,18,71.66
2,1185,30,54.21
2,218,60,68.01
1,842,21,71.65
4,402,56,71.09
4,577,11,48.75
1,626,75,36.33
4,637,82,29.21
3,203,84,18.47
1,562,43,71.2
3,793,24,61.52
4,1186,38,78.1
1,65,65,21.44
2,727,60,30.52
2,1187,18,62.78
3,1188,55,77.29
2,1189,64,36.77
4,503,17,36.97
2,1092,23,73.34
2,536,12,78.45
1,1012,13,53.26
3,1190,96,25.46
1,776,33,46.02
4,222,111,13.08
4,317,17,48.14
1,300,28,54.49
4,250,80,33.05
1,972,28,42.59
4,528,110,34.63
4,333,106,18.65
1,284,104,17.97
4,313,96,12.89
3,488,59,79.9
2,801,43,69.39
3,481,13,37.28
4,529,28,65.85
4,720,31,52.5
2,352,48,31.08
3,1191,45,69.57
1,269,31,75.51
1,1167,25,70.6
1,740,49,49.98
4,977,28,35.54
1,531,14,54.15
2,369,34,59.06
3,1192,47,65.25
2,1193,53,39.56
2,174,60,35.19
4,1194,19,74.78
1,600,78,24.82
3,96,20,38.89
4,577,22,60.1
1,910,27,76.35
1,659,42,51.36
3,461,34,45.5
4,207,52,37.56
1,353,107,32.02
3,21,91,21.25
2,1188,39,73.57
3,1195,58,76.71
1,355,40,68.36
2,31,88,36.15
4,935,59,45.09
1,1196,47,31.12
3,808,101,13.01
4,732,10,34.39
3,369,16,50.46
4,172,85,32.7
1,516,18,36.66
2,921,120,32.55
3,1056,54,31.17
2,891,100,21.82
3,1105,65,30.24
4,932,50,37.16
4,255,31,69.1
1,1047,15,55.48
4,719,46,34.73
1,198,18,66.68
1,1197,21,46.9
4,39,41,59.59
3,108,42,56.87
3,609,48,39.26
3,225,99,15.09
4,1095,43,63.45
3,382,60,37.87
1,30,69,37.43
3,961,106,30.78
2,178,36,70.96
1,508,33,43.84
4,174,59,48.63
4,1148,65,35.75
3,850,13,45.01
2,1014,53,33.96
3,996,57,70.11
4,8,47,72.39
4,521,116,29.37
4,291,67,30.04
1,636,24,52.05
4,405,99,24.27
3,727,77,34.58
1,1030,41,46.27
2,1147,14,70.86
3,197,53,54.24
2,401,71,24.47
3,41,50,50.21
3,976,30,48.49
2,258,104,24.91
1,953,99,34.5
3,254,44,79.79
3,267,96,23.57
1,10,74,12.79
1,1198,47,35.56
4,921,118,25.45
2,1000,51,48.32
1,704,18,39.71
1,310,10,76.44
2,1199,67,14.82
4,956,49,57.99
3,181,11,72.82
2,1194,23,60.98
2,1200,45,35.54
2,903,46,31.84
2,297,17,44.8
1,1046,24,61.08
3,1201,35,76.92
2,543,26,41.12
2,203,98,10.77
1,484,91,37.66
3,914,105,19.03
2,1051,101,29.65
1,191,118,28.76
4,775,58,33.66
4,1202,51,71.78
4,1203,14,55.5
1,1115,10,48.03
1,1204,44,55.03
2,1205,40,41.55
4,319,28,45.46
3,939,28,73.29
2,616,46,77.87
4,598,89,39.96
2,118,16,72.13
3,780,43,78.33
3,49,57,32.89
1,1046,38,32.11
2,452,45,55.43
4,162,114,24.08
1,793,15,53.54
2,1206,68,29.81
1,391,30,37.28
3,1207,26,39.91
1,808,118,16.55
3,551,60,35.66
2,1208,16,47.36
3,558,57,36.71
2,39,59,47.49
4,884,29,39.42
4,60,47,41.36
1,1006,24,34.02
1,433,119,11.12
3,1126,76,14.56
3,115,111,18.17
4,388,51,57.5
1,557,118,25.67
1,505,86,34.86
4,534,109,37.6
4,1209,59,35.63
1,450,38,76.14
3,869,85,23.19
3,600,111,31.83
3,1095,28,32.9
2,441,57,33.81
2,1210,73,38.96
1,1211,26,49.6
3,105,110,10.24
2,1212,48,50.75
1,1178,99,20.4
4,975,32,75.04
2,826,110,12.12
1,577,16,62.49
2,1213,84,27.64
4,664,28,57.63
4,918,101,10.39
2,1098,10,58.51
1,685,19,56.55
2,182,104,27.33
3,1214,11,31.15
3,1077,81,19.39
1,615,72,19.77
3,157,79,19.57
1,996,29,66.9
2,1163,37,71.52
3,1215,33,78.93
3,1100,31,69.13
4,324,78,15.48
2,245,43,37.49
4,84,57,60.85
3,839,82,28.65
3,591,45,75.96
4,1216,43,60.28
1,925,67,12.76
3,1217,13,40.39
2,1218,16,64.21
1,199,55,42.27
1,608,104,15.22
1,647,91,10.8
1,644,28,79.0
3,84,30,42.26
4,1209,21,39.7
2,806,48,50.62
3,295,36,63.25
4,531,23,41.65
4,95,12,43.27
1,558,59,60.64
4,63,29,71.99
1,77,42,42.73
3,618,96,11.28
1,566,35,45.9
1,22,113,21.95
1,1070,54,57.48
3,1219,97,14.12
1,582,23,34.8
3,1220,10,53.85
1,863,118,31.5
3,636,56,43.94
1,327,20,61.86
4,668,104,32.62
3,361,39,79.95
2,719,16,73.4
3,1221,72,38.88
4,1222,105,31.96
3,20,82,11.22
3,721,30,65.61
1,1223,72,34.67
4,1224,12,67.91
3,1092,58,39.58
2,1033,85,20.83
1,115,75,23.21
2,911,87,22.86
3,1225,55,37.93
2,137,28,74.84
4,549,29,63.1
4,726,14,31.89
2,125,52,34.17
1,833,99,27.76
1,307,120,13.01
1,875,78,39.67
3,166,42,58.11
1,403,93,13.63
2,389,45,71.25
3,1173,51,31.14
3,1116,61,14.24
3,319,16,34.75
1,1219,65,39.24
2,34,16,37.22
1,1226,26,53.6
3,1227,60,31.89
2,278,68,27.27
3,556,49,60.29
4,1228,48,62.25
4,1174,107,37.08
4,1229,38,61.68
1,908,27,66.6
2,504,102,34.88
4,109,19,49.48
1,101,82,33.37
2,400,72,12.72
4,971,20,52.71
3,911,75,28.45
3,1230,80,38.13
1,971,35,49.87
3,671,22,46.18
4,585,50,53.05
4,1033,94,39.1
4,683,41,46.7
1,910,37,70.42
1,1231,40,73.74
2,1232,79,16.2
3,1008,40,39.9
1,697,41,64.18
3,718,40,32.72
4,385,55,45.48
4,232,18,65.09
3,808,62,17.03
3,1233,60,46.37
1,450,11,62.24
1,1234,35,59.28
4,213,83,35.92
4,830,53,59.27
4,672,61,18.54
2,235,17,33.81
3,1072,51,40.02
3,1235,20,56.09
1,359,104,23.97
3,1236,31,59.07
2,425,106,10.4
3,1237,51,64.11
2,964,29,55.08
3,756,47,43.79
1,689,70,23.45
2,1042,74,34.3
2,145,74,14.15
1,372,22,34.21
1,1141,12,37.55
1,832,52,34.24
1,749,15,35.3
4,122,20,62.32
2,383,11,31.89
3,998,100,21.22
2,437,89,25.46
3,48,34,35.23
1,778,77,15.72
4,1238,59,64.77
3,900,60,74.77
2,274,55,30.22
3,1010,98,32.6
1,235,37,71.49
2,287,31,77.77
3,394,32,62.33
2,124,36,68.32
2,104,22,71.56
4,855,16,58.5
4,952,82,27.2
4,823,119,26.94
2,1239,75,30.71
4,5,37,42.74
4,615,120,28.06
4,882,41,54.83
3,859,63,14.06
1,918,104,18.3
2,793,15,53.8
1,562,22,56.42
3,942,40,52.68
2,162,99,11.73
2,723,67,32.45
3,1189,104,33.08
3,198,22,51.77
1,179,31,70.27
1,1240,116,34.04
4,113,89,38.62
3,367,24,38.21
1,722,53,34.98
2,1049,113,33.19
4,142,72,12.82
4,714,20,67.91
2,778,120,11.82
3,408,60,76.1
2,339,21,34.53
1,508,32,60.75
2,1241,104,36.28
3,636,58,43.85
3,708,23,55.36
2,330,74,13.74
3,1242,109,12.0
1,1243,26,68.32
2,790,56,47.3
2,790,47,41.46
3,637,84,31.56
2,85,23,39.59
2,1244,26,61.53
2,1245,51,34.43
3,583,108,33.6
3,1113,107,26.4
3,21,63,14.16
4,229,70,13.11
1,969,44,30.63
1,138,35,77.58
2,232,55,62.94
3,22,96,17.53
2,489,44,42.29
3,425,97,32.66
2,274,14,32.56
3,979,87,14.84
1,619,68,22.26
4,1113,97,11.17
2,518,40,36.52
3,922,15,60.38
1,434,35,77.86
1,143,33,56.69
1,109,21,35.82
2,1070,56,64.56
1,750,48,35.36
3,281,102,14.47
1,130,18,35.11
2,541,111,24.78
3,445,20,42.31
2,1246,24,65.6
1,201,18,39.17
4,1247,60,61.94
2,512,74,35.27
1,928,75,11.65
4,1248,41,66.46
2,1249,12,40.84
3,1019,19,64.38
1,455,103,17.05
3,1024,10,32.23
1,450,25,58.26
2,758,42,50.95
2,958,36,46.52
4,750,39,42.01
3,315,22,66.71
3,440,26,75.07
1,693,99,36.04
2,1216,31,78.11
1,718,11,73.54
3,1185,56,60.08
1,738,83,36.44
3,308,102,31.51
3,775,16,44.47
1,665,13,79.62
4,491,105,28.69
3,408,52,44.29
3,212,102,31.67
1,920,75,14.08
4,564,58,71.65
3,698,49,53.83
1,311,106,38.98
4,272,70,18.33
2,312,14,41.67
1,709,35,71.09
2,616,59,73.55
3,925,89,21.3
1,885,53,61.09
3,1007,89,36.26
2,863,60,13.57
2,1145,32,60.21
4,27,38,34.63
2,1094,12,61.36
3,445,53,79.2
2,1193,43,47.22
3,927,60,20.2
1,113,77,18.22
2,1250,71,25.65
1,207,36,64.16
2,1144,71,23.42
1,614,82,15.88
1,1175,47,35.45
1,1251,38,40.51
1,169,43,43.02
3,421,16,49.53
4,1252,119,21.89
4,555,44,68.84
1,873,31,46.73
4,797,53,43.91
1,55,27,44.81
4,102,32,52.14
3,809,115,35.58
1,1128,108,25.46
1,1253,26,30.64
2,504,113,31.29
1,1254,44,66.51
4,2,19,53.43
2,541,95,13.9
2,979,86,27.42
2,130,33,57.78
2,840,14,63.36
3,1255,78,29.73
1,63,20,74.97
2,1256,27,50.2
2,211,20,31.78
4,1257,38,33.84
3,554,39,64.44
2,1258,19,42.05
3,1027,19,48.27
2,1259,56,49.69
3,647,89,35.47
1,730,17,49.39
4,888,58,62.19
3,1260,19,46.17
3,1245,39,34.82
2,529,28,79.86
2,981,55,45.45
1,511,14,60.23
1,418,22,44.86
3,996,34,51.41
4,859,88,31.58
3,901,83,23.01
3,1261,61,12.43
4,196,62,17.76
4,289,86,33.23
3,537,27,36.99
1,1262,85,27.94
1,589,17,71.07
4,409,28,36.54
4,719,43,38.52
3,27,46,52.2
4,123,16,39.32
2,1034,111,14.21
1,14,14,51.67
2,1263,84,39.34
3,734,44,64.17
2,1156,60,47.03
1,478,51,49.23
1,311,82,31.13
4,343,30,36.62
1,319,24,54.75
1,1032,39,73.88
1,857,54,42.98
1,894,30,68.07
4,274,58,55.86
3,813,52,66.18
2,165,57,62.42
2,171,53,78.49
2,786,52,69.66
1,611,49,75.44
3,210,46,38.63
1,1239,83,23.2
1,1194,60,49.97
2,1204,45,79.35
2,1079,84,39.83
1,1118,48,61.6
2,1236,50,46.95
2,857,34,77.16
4,722,34,50.15
3,491,78,37.37
3,1058,17,71.94
4,127,53,48.22
3,557,87,11.49
3,397,51,73.4
3,1264,109,26.64
1,1163,32,40.73
2,1265,68,16.68
4,710,26,51.11
4,947,17,39.41
3,165,11,30.58
2,1266,56,73.94
3,376,42,38.34
2,815,71,19.67
3,442,46,52.71
4,710,38,55.31
4,722,30,55.6
4,864,46,73.77
2,1070,56,36.1
1,389,60,59.9
3,519,31,78.57
1,492,114,18.0
4,922,33,54.72
1,1267,23,41.99
4,800,93,34.01
3,521,79,20.97
3,365,64,27.29
4,726,34,54.3
3,155,30,37.99
1,699,48,62.31
1,841,20,71.64
1,20,63,18.66
3,373,44,68.26
3,73,54,63.48
3,1089,96,22.28
4,700,101,36.08
4,313,92,16.3
4,1153,82,38.78
4,1164,99,37.67
4,476,64,37.77
4,1268,112,20.52
4,605,41,49.64
1,488,20,38.7
4,765,105,38.89
4,864,18,63.31
1,10,77,29.2
1,1269,80,34.81
1,1252,90,29.85
3,506,106,33.75
3,494,12,39.76
2,459,16,33.38
2,408,25,79.67
3,1095,56,35.12
3,1143,60,64.76
4,138,52,32.55
4,1135,71,31.25
3,244,20,66.08
4,552,26,57.72
4,852,99,25.3
3,344,28,60.51
3,395,22,72.62
3,864,24,74.64
4,41,53,33.25
4,1270,118,22.08
3,107,31,63.93
1,94,19,58.62
1,451,110,16.37
3,1271,67,20.21
3,435,85,20.65
1,929,120,36.26
3,152,20,61.01
2,1272,36,44.15
1,1165,40,35.25
2,815,107,12.48
3,91,30,38.12
1,1273,45,72.95
4,484,117,35.04
1,1157,63,14.75
4,545,21,58.53
1,918,66,35.43
2,397,31,75.52
4,1021,60,74.13
2,828,60,52.07
3,303,55,34.31
1,1274,89,11.94
3,198,35,53.42
3,207,59,31.77
3,1060,59,46.69
3,1275,30,47.39
4,134,40,63.02
4,834,109,15.16
3,709,10,45.67
1,143,40,36.2
3,571,65,10.96
1,86,39,35.15
3,519,43,79.02
4,800,114,23.01
2,1238,16,49.23
4,1257,20,66.07
1,1138,20,62.16
2,983,104,34.47
1,1238,36,35.12
4,612,29,45.66
3,611,47,53.12
4,1276,106,36.88
3,66,16,55.62
4,1050,37,66.29
3,111,15,39.87
1,121,16,41.76
2,759,15,38.54
3,616,14,52.49
2,822,36,40.58
4,436,114,12.76
3,471,52,34.28
2,1006,25,32.98
2,34,11,79.66
2,938,53,57.63
3,550,65,38.47
4,1137,51,71.78
3,1277,108,26.17
2,1278,16,56.7
1,441,21,46.84
2,86,56,49.02
3,1269,96,28.01
1,346,41,50.82
1,66,35,41.41
2,29,67,11.87
4,1279,63,10.98
3,781,19,74.84
4,1271,85,23.09
1,1180,99,36.98
1,479,51,39.86
2,1101,30,42.78
4,184,57,49.16
3,247,106,26.89
4,869,90,32.54
4,1080,84,33.46
3,496,55,69.96
4,271,107,26.87
1,978,24,68.99
2,1129,20,50.49
4,887,40,59.29
3,214,18,67.06
1,616,28,55.3
3,538,30,35.98
4,1280,91,36.44
4,1019,17,46.91
4,1081,72,38.72
1,1129,25,69.19
3,94,18,60.02
1,425,85,22.29
1,935,43,65.38
1,375,33,73.12
3,198,12,35.99
2,1021,49,69.95
2,749,43,61.01
4,326,112,38.48
4,721,21,42.3
1,504,109,18.14
1,1281,15,64.76
3,1268,61,27.16
1,1209,27,52.75
1,300,33,37.28
4,563,57,74.95
3,1021,15,47.34
1,1269,96,20.75
1,345,98,10.03
2,1279,63,25.38
1,1278,45,77.25
4,217,25,71.08
3,269,18,30.32
4,1282,54,75.27
4,157,63,33.97
1,655,23,72.16
3,451,73,39.12
1,82,42,64.65
1,121,60,32.67
2,555,17,40.05
4,908,34,50.11
1,1055,105,39.55
2,226,55,49.49
4,507,40,64.27
2,875,79,27.16
4,850,26,55.7
4,497,33,45.59
2,230,23,60.07
4,1283,27,44.93
4,814,36,68.58
1,82,14,72.63
2,29,93,14.01
1,269,56,37.48
4,479,49,30.58
1,1222,74,15.79
4,1100,46,54.29
3,535,62,26.37
1,486,23,75.61
1,771,31,77.81
4,1133,62,11.39
2,492,87,13.38
2,1150,11,59.6
2,597,69,27.54
2,1153,109,30.23
4,709,19,48.93
2,1284,57,34.92
4,736,93,23.15
1,129,30,49.95
3,1197,51,72.24
2,317,30,44.44
3,911,109,14.41
3,926,20,60.33
4,1285,109,16.2
1,431,57,70.19
4,250,105,10.76
1,633,61,16.67
1,195,96,37.49
4,360,102,27.85
1,1247,41,38.2
4,571,71,17.75
4,951,34,62.89
1,494,33,38.85
1,386,11,65.04
1,447,46,76.26
3,1285,100,28.7
3,422,71,33.1
4,246,60,53.7
2,435,73,11.21
1,154,41,31.23
1,558,37,66.19
4,137,38,50.6
3,962,43,50.82
4,1013,32,60.1
2,1138,41,76.56
2,1286,50,66.75
2,612,37,78.11
2,361,25,34.85
1,8,52,55.64
1,863,72,23.65
3,841,48,55.92
2,1021,30,71.76
3,576,34,68.63
1,1287,13,64.44
4,1001,12,36.88
4,887,23,63.5
1,1064,17,55.38
1,133,39,50.35
4,1194,22,44.8
3,1288,75,10.84
3,204,110,22.27
3,582,58,63.6
1,119,30,50.75
2,937,40,75.87
4,1289,52,37.66
2,296,34,43.52
4,1290,38,76.18
4,590,16,52.45
3,797,32,74.59
4,790,59,50.94
2,601,111,25.82
3,515,113,20.01
4,1291,100,29.48
2,1048,24,37.75
1,348,15,70.17
4,730,42,43.61
2,1,44,59.05
2,914,96,24.4
2,504,86,10.54
3,855,60,69.99
3,572,47,45.87
3,476,76,32.9
4,1267,11,54.36
3,1292,21,63.01
2,249,50,42.6
4,1197,46,56.4
3,245,26,54.27
1,447,35,32.87
2,1074,115,10.56
4,198,11,57.98
4,338,31,40.41
3,1036,23,74.88
3,113,87,14.68
4,901,118,24.65
3,82,33,69.37
4,1073,23,52.53
2,1125,25,51.97
1,507,48,36.76
3,379,60,79.71
2,1293,98,24.7
3,422,84,35.87
3,183,61,39.55
3,1294,20,48.03
4,150,12,78.42
2,519,33,31.27
4,924,57,39.35
4,1295,42,43.77
4,1296,26,74.39
1,152,23,45.61
4,984,117,28.41
4,317,39,58.58
3,872,35,53.22
3,782,65,37.99
3,29,102,32.42
1,95,58,45.26
2,418,46,59.62
4,767,22,55.37
1,153,10,77.08
3,321,21,50.6
3,219,13,45.24
1,811,44,56.82
2,483,59,64.27
4,1057,23,44.73
3,633,92,28.66
4,971,18,72.33
4,459,56,53.46
1,1104,15,76.59
1,669,103,20.91
2,1202,49,66.16
3,758,41,39.89
2,636,51,40.9
4,1078,44,34.13
3,252,56,73.47
4,135,27,63.85
4,109,43,44.12
1,845,71,35.13
1,1229,59,59.73
2,46,44,38.24
4,770,37,76.68
3,1237,12,61.64
1,79,10,76.9
2,797,28,70.31
2,645,20,31.14
3,719,59,35.7
3,636,48,43.91
1,732,12,59.33
3,33,23,50.75
1,328,80,25.61
1,1204,41,33.46
4,1040,111,14.28
4,841,23,47.94
4,64,96,16.31
4,753,36,78.81
3,412,50,51.66
3,1061,91,27.57
4,1199,60,14.67
4,575,35,41.33
3,1246,28,48.39
2,433,79,13.0
4,378,93,29.98
3,1196,41,77.13
2,1000,42,39.74
4,414,26,52.52
2,458,52,37.79
3,794,115,35.93
3,1220,10,30.78
4,774,45,60.63
2,808,92,20.92
4,1297,94,15.6
3,549,34,36.14
3,956,28,71.48
1,673,14,54.0
1,1169,73,19.24
4,223,30,32.02
4,571,83,23.51
2,1267,18,61.29
2,1142,81,34.0
4,450,48,76.43
3,802,88,38.45
1,281,88,10.16
1,643,26,57.44
4,1283,35,72.8
1,707,54,64.39
2,12,46,78.74
2,880,12,41.43
2,860,24,35.55
3,602,51,67.21
4,872,29,42.95
3,831,37,31.48
3,962,39,38.17
1,617,104,10.26
4,1119,30,52.65
1,113,73,35.55
2,812,38,43.94
4,420,23,49.09
3,146,69,37.76
2,473,27,65.35
2,914,107,18.7
4,1051,99,29.58
2,545,42,50.34
1,495,26,61.12
1,325,53,31.71
2,935,39,46.05
3,521,95,16.82
4,295,24,67.64
4,836,56,65.4
3,1281,32,78.64
1,1287,10,32.18
1,1118,54,33.88
3,300,53,72.68
3,560,112,10.18
2,744,39,74.23
1,762,86,16.19
3,1068,13,54.48
3,1248,17,67.36
2,774,57,35.32
4,1283,57,72.09
1,1182,101,29.51
3,233,11,58.66
1,250,67,15.5
3,1028,60,19.57
3,1249,14,69.31
1,491,101,38.86
2,1274,86,18.59
4,1000,26,52.95
2,164,77,37.46
4,519,43,63.31
3,181,54,62.4
4,1054,10,36.06
3,271,115,27.15
4,359,76,38.52
1,677,59,39.74
4,350,83,18.73
1,1168,65,26.84
3,1058,25,48.02
1,1150,27,46.8
4,1274,93,29.14
4,751,50,60.83
1,822,16,76.65
4,165,15,48.18
3,1298,119,39.38
3,608,87,14.3
1,278,81,26.62
4,783,91,18.67
4,1289,28,51.19
3,1188,20,43.33
2,1203,39,60.04
2,638,31,67.82
2,973,57,66.06
4,588,57,36.88
3,644,22,64.48
4,874,55,34.14
2,1262,74,11.94
4,1299,30,50.53
3,57,18,33.1
3,705,34,75.65
2,1292,55,75.97
1,759,32,35.2
2,736,106,27.64
4,27,46,51.13
4,828,22,72.92
2,922,22,50.3
4,71,51,57.41
3,709,15,62.54
4,647,75,35.92
2,951,28,45.83
2,1026,15,32.68
2,1070,43,48.43
4,717,35,61.18
3,353,73,17.87
2,281,98,39.37
3,1219,110,37.72
2,447,35,37.58
2,1300,57,30.82
2,219,45,50.54
4,1124,37,37.36
2,701,86,20.37
4,1218,40,49.96
4,757,106,34.78
3,1109,14,64.34
3,806,42,60.09
2,1301,56,34.01
1,1239,107,24.61
1,1228,36,61.35
3,508,37,59.04
4,117,20,64.38
4,1302,91,24.62
2,502,21,42.81
2,1142,116,36.31
4,806,35,70.81
4,90,49,58.37
3,1303,43,33.86
4,743,55,63.11
3,402,36,53.03
2,638,13,36.07
1,915,92,37.5
3,621,14,71.55
3,296,23,30.29
1,177,115,10.97
3,271,89,13.67
1,449,90,37.54
4,520,102,14.27
2,387,16,33.93
3,158,59,30.23
1,784,22,66.59
2,144,118,20.64
2,223,57,39.74
3,1304,65,25.31
3,925,90,11.08
2,238,12,42.28
2,1076,11,70.54
1,560,70,32.25
3,1305,51,55.08
2,450,49,49.6
3,380,32,61.89
1,1306,113,24.97
1,574,46,42.97
1,1161,24,51.12
3,1307,66,27.97
3,1150,26,31.54
2,152,10,57.76
2,271,102,12.97
3,759,16,47.26
2,443,44,54.3
1,1231,12,72.69
1,1031,11,66.74
2,1308,43,57.5
4,916,11,72.61
1,1034,112,33.65
2,637,66,33.82
1,799,27,58.81
3,418,49,79.31
3,713,41,77.23
2,730,26,62.23
2,965,76,12.09
2,1119,31,50.2
4,1309,112,12.02
1,210,30,76.81
3,545,58,42.63
4,163,56,65.64
1,730,28,35.79
4,357,31,53.18
1,885,39,62.6
1,220,31,42.72
4,919,57,41.24
2,145,63,33.06
1,1120,17,59.84
4,324,75,27.32
1,1288,95,33.04
2,618,101,30.97
4,1054,27,76.08
1,16,52,41.17
2,1310,115,18.64
1,972,29,39.4
3,1149,82,27.16
2,1282,12,58.78
2,109,30,52.78
2,232,58,75.92
4,83,15,54.84
4,1311,100,10.31
1,931,15,36.22
2,130,30,50.2
3,4,16,31.18
4,646,101,10.75
3,1252,118,19.47
3,729,17,78.57
4,1018,58,34.28
3,1312,29,64.57
1,549,17,54.19
4,967,119,32.64
2,478,33,78.3
2,530,28,66.87
1,1011,26,57.47
2,346,32,68.53
1,617,92,24.01
2,211,53,65.63
4,1253,36,69.12
3,569,26,73.95
2,980,44,58.37
2,12,23,77.02
1,43,11,43.72
3,1278,48,73.86
2,824,59,61.61
4,339,44,39.3
1,456,114,12.83
1,334,43,46.54
3,754,11,64.45
4,656,46,48.42
2,530,24,48.58
2,745,16,34.91
1,95,12,35.31
4,1313,94,38.36
1,1064,33,56.6
1,1104,53,48.75
3,1279,92,16.73
3,12,17,37.35
4,183,77,32.11
1,561,40,40.33
4,1314,87,33.65
4,1158,102,21.98
3,549,21,52.93
1,987,16,61.73
1,240,59,58.15
4,1130,106,39.57
4,1208,58,72.45
1,963,15,65.46
1,408,25,57.4
1,823,112,11.14
2,251,92,23.84
2,345,100,11.11
1,184,19,56.89
3,1315,21,41.59
2,1084,68,16.45
2,1288,108,36.18
4,267,67,33.97
3,473,27,33.94
3,222,68,25.94
2,273,49,45.4
4,1241,62,39.89
4,1214,54,35.85
1,999,64,38.56
4,819,66,22.05
1,824,53,70.95
4,1301,48,31.42
2,569,22,44.01
3,89,27,48.11
1,51,24,66.67
3,1217,31,53.1
3,551,14,75.4
1,92,90,39.89
4,1211,32,63.95
2,611,36,48.59
4,1260,20,56.48
1,873,46,72.29
4,362,28,54.79
3,167,63,24.09
1,741,49,33.62
3,447,50,34.47
1,1032,49,66.43
2,123,29,76.1
1,645,43,44.66
1,302,13,75.5
1,1024,22,45.04
3,589,50,49.17
4,996,58,78.77
4,590,15,50.39
1,935,60,39.26
4,1316,12,35.42
2,831,19,74.19
2,1317,38,33.22
3,1318,51,32.33
3,599,78,15.59
1,1157,100,15.11
1,91,45,67.82
2,1049,120,24.4
2,1298,94,23.87
3,1319,44,62.34
4,1317,56,71.59
2,320,33,47.23
2,617,68,18.2
1,911,61,32.36
4,1164,94,39.38
3,378,117,38.88
3,1062,32,32.94
3,416,102,39.5
3,1320,106,37.65
1,1321,57,38.98
2,675,53,61.15
2,354,44,44.82
2,1006,36,32.77
1,1066,52,44.09
4,333,120,10.69
1,170,38,67.35
4,655,54,70.21
2,1257,54,51.34
3,202,92,29.3
1,563,10,47.87
3,1284,38,58.58
3,1097,43,44.81
2,817,16,69.48
4,1322,26,33.6
4,962,56,54.91
3,110,47,75.09
3,204,81,30.35
1,1211,36,65.51
2,856,30,36.3
4,1310,92,39.17
4,766,36,61.14
2,1275,48,43.17
4,746,96,30.93
2,22,84,32.27
2,130,58,45.37
3,157,91,10.8
2,437,102,19.82
1,459,40,59.53
4,149,46,63.36
2,184,16,73.8
1,602,60,34.44
2,1318,31,42.08
2,1212,54,79.59
4,1061,75,18.4
3,1034,108,39.27
4,881,68,22.3
4,835,91,25.48
3,1200,44,66.98
4,1001,46,30.38
4,551,30,69.57
2,190,21,57.8
4,393,63,11.51
1,866,108,25.94
3,829,86,36.36
3,1323,12,73.99
4,888,38,55.11
1,393,102,26.42
3,1324,88,21.38
3,1325,94,14.93
4,1061,80,26.7
1,944,45,42.95
3,838,98,36.37
3,1145,53,64.92
3,1179,92,12.32
2,356,39,50.42
1,152,18,73.05
1,714,13,64.6
1,529,32,44.0
3,874,55,76.63
3,547,60,77.99
2,84,24,47.84
2,932,23,52.62
1,577,47,66.44
2,241,96,23.33
1,325,24,63.78
4,480,36,42.52
3,1300,56,32.98
4,89,50,70.74
1,1326,38,30.47
1,1021,15,71.81
2,643,59,78.27
1,474,40,73.72
2,129,21,46.17
1,162,83,27.14
4,1154,33,46.77
3,1014,39,70.06
3,548,10,59.01
1,183,90,18.97
3,1327,42,69.34
2,156,31,71.11
2,876,116,28.78
3,371,14,71.91
1,602,24,50.0
2,1328,38,38.09
1,1295,25,45.41
1,264,10,33.78
4,1027,23,73.88
2,274,56,78.63
1,817,38,52.53
1,707,16,54.02
3,978,12,36.78
2,326,85,21.65
3,236,28,68.35
4,225,101,36.3
3,1295,58,75.54
4,60,25,64.36
4,206,48,57.29
3,725,51,43.09
3,377,32,39.43
3,859,86,37.57
1,1329,113,17.36
3,300,43,46.75
3,653,36,41.58
1,773,43,59.32
1,1330,77,30.69
3,463,18,48.81
2,18,23,53.13
1,172,86,16.52
1,98,32,67.01
1,864,37,36.36
3,570,13,51.86
3,1178,77,28.29
2,543,54,66.74
2,1164,115,21.13
3,239,39,38.09
1,1041,120,29.59
2,661,53,66.81
1,1190,74,22.63
4,1331,22,74.67
3,565,99,14.54
1,653,31,39.53
3,1323,16,35.89
4,392,49,78.96
4,45,21,68.32
3,1252,82,29.12
1,1002,53,48.46
2,1332,53,53.05
3,285,70,32.67
3,169,28,38.06
1,471,34,59.81
1,1209,18,75.27
3,953,61,24.05
1,880,25,54.61
2,668,112,31.54
3,1183,65,10.39
4,672,67,24.0
2,510,91,29.72
4,303,29,32.44
4,761,12,31.28
2,1266,60,69.24
2,676,25,74.0
1,329,100,25.94
3,1257,40,72.46
1,948,29,36.66
3,1150,29,32.68
1,1333,10,40.38
1,420,39,34.72
3,1334,42,61.79
3,715,43,32.71
2,948,15,78.31
1,742,47,75.89
3,973,16,78.41
2,825,120,12.67
4,112,35,62.24
3,1249,49,66.96
3,941,48,59.69
4,763,14,55.32
2,1100,18,48.59
1,1102,80,23.42
1,86,41,35.99
1,182,79,13.49
1,843,16,54.15
3,185,31,38.83
3,401,66,11.35
1,1320,111,28.79
1,361,33,68.99
1,714,38,56.3
2,598,94,27.17
1,19,30,69.08
1,917,97,38.35
4,336,32,43.25
1,415,116,10.22
4,455,93,18.85
1,188,45,33.37
2,917,75,31.56
2,818,28,74.67
1,1014,25,62.42
3,769,32,57.06
4,254,56,65.51
4,735,29,49.94
4,798,40,32.53
4,333,91,25.9
1,845,111,30.09
3,814,38,52.67
4,543,22,47.1
4,741,22,37.7
1,553,61,36.7
2,1203,57,78.39
1,731,46,32.87
1,934,38,34.68
3,1328,42,50.17
3,688,22,49.46
1,894,31,40.79
1,1029,44,59.35
2,808,106,37.01
2,880,20,50.11
2,332,22,61.58
2,1252,111,28.29
3,176,92,15.06
3,894,57,44.7
3,631,46,36.86
1,511,31,72.19
3,125,30,70.19
4,903,29,36.67
2,738,62,10.09
2,891,87,24.97
2,396,74,35.62
2,1293,62,13.09
4,727,62,23.97
2,767,41,71.06
2,64,119,11.65
3,361,27,45.67
2,364,38,68.53
2,485,35,45.66
3,948,52,70.07
2,86,18,49.14
4,1162,64,37.45
2,325,21,40.82
1,673,23,66.82
2,855,49,43.29
2,227,49,50.19
1,1244,38,54.45
3,1262,115,29.8
4,634,65,33.39
1,441,11,74.5
3,413,30,42.93
1,1011,26,46.79
3,730,24,44.28
1,615,78,24.24
2,1327,22,78.51
2,717,24,64.69
3,656,23,58.5
1,1015,39,76.43
3,1335,49,31.6
2,206,57,31.21
1,1336,31,49.47
3,1337,10,57.22
2,1338,76,10.08
4,734,14,64.3
2,365,65,28.52
2,863,119,28.36
4,375,42,33.7
4,15,16,39.79
2,1061,79,32.91
1,426,13,31.7
1,1028,69,11.15
4,1339,51,40.24
2,80,35,76.86
1,153,29,37.13
4,1222,79,27.87
2,868,110,15.41
2,64,80,35.43
1,452,35,63.76
4,100,19,45.81
3,1065,15,59.97
2,1149,100,14.0
1,1268,85,21.11
4,734,38,59.55
3,277,111,25.6
3,827,58,38.5
3,940,56,41.04
1,609,59,36.47
3,606,51,38.12
2,336,22,53.98
2,749,54,79.55
1,876,61,28.86
3,777,23,79.13
3,758,49,68.47
3,1262,84,22.41
1,456,102,24.37
2,759,17,48.13
2,639,78,31.78
3,737,49,75.42
1,819,93,21.76
1,961,85,37.28
4,89,16,67.93
3,1340,29,70.5
3,26,22,51.94
3,976,32,68.28
1,1123,36,48.84
2,646,73,13.72
4,329,64,18.19
3,452,23,75.05
3,986,115,11.87
2,1341,34,37.83
4,135,46,32.72
2,250,115,29.76
4,1169,89,13.57
3,439,21,46.38
2,148,11,79.82
4,1342,63,25.51
2,766,43,61.85
4,195,98,36.4
1,157,76,27.19
2,358,31,40.27
3,1343,15,69.4
3,323,48,72.42
3,841,13,54.55
1,598,80,22.76
1,1207,25,72.99
3,1306,63,13.46
1,1228,16,78.16
2,985,21,63.6
4,817,24,58.5
3,357,27,54.94
2,353,116,15.78
3,1344,28,70.96
1,505,107,38.0
2,397,23,30.85
1,522,28,36.45
3,180,43,46.49
4,1139,20,67.07
3,4,51,56.09
1,817,36,66.88
1,164,85,32.51
4,506,79,31.76
3,165,21,66.05
3,29,119,25.47
4,1304,76,34.89
2,1344,52,67.35
2,1148,99,11.88
4,95,47,54.91
2,1024,11,64.17
2,105,93,36.33
1,730,47,55.52
3,989,56,31.7
4,52,24,77.2
2,491,65,20.76
1,573,14,35.1
3,1093,76,36.2
3,931,27,31.11
4,726,51,31.96
3,1158,76,33.25
4,260,42,64.54
4,1165,35,76.94
2,120,30,59.3
2,953,116,28.73
2,42,17,35.85
4,1118,53,36.51
4,336,31,73.92
3,102,48,39.22
1,926,21,31.65
2,801,26,70.62
4,733,74,28.12
2,1049,76,20.83
4,575,18,64.95
4,16,41,37.67
4,684,38,37.63
2,146,112,23.14
4,519,53,37.47
4,743,22,67.49
4,1299,21,71.81
1,118,21,70.12
2,329,109,26.66
2,590,32,64.86
1,935,43,30.83
3,527,93,17.54
1,126,39,79.16
3,1332,26,32.79
1,708,13,64.32
3,87,93,23.48
2,1000,14,40.72
3,221,29,55.69
2,957,119,35.11
1,202,83,35.95
2,955,88,34.93
4,751,29,60.73
1,770,24,43.91
1,175,60,55.33
2,781,16,45.12
3,82,40,50.82
2,973,37,37.7
1,546,107,23.93
2,142,83,20.99
1,1130,100,38.06
4,817,41,51.35
2,1081,69,36.09
4,602,45,45.02
4,1289,21,40.96
2,365,62,34.94
1,122,48,70.82
2,234,61,14.89
1,1345,16,53.22
2,530,35,37.74
1,371,50,53.78
1,505,75,31.31
1,305,39,64.48
1,1087,115,16.21
1,189,43,32.86
1,636,26,59.73
4,25,17,34.63
4,10,96,18.25
3,1346,26,38.7
3,709,28,36.56
1,298,40,72.38
1,256,24,34.75
3,9,96,30.19
4,826,64,37.94
1,247,112,15.84
4,954,39,47.14
1,792,13,73.51
2,634,60,33.42
3,1347,117,16.77
1,1316,42,70.79
1,279,50,69.94
4,286,22,36.8
4,1259,38,78.98
3,664,56,44.35
1,859,64,29.21
2,1290,22,47.11
3,1348,92,33.79
3,415,103,13.41
4,109,55,53.16
2,882,56,78.15
1,1349,117,29.46
3,221,44,57.62
4,1017,56,65.63
1,8,57,57.41
3,361,27,38.82
2,1350,116,28.24
1,664,38,58.0
3,483,32,50.81
3,64,108,29.49
1,951,48,56.49
3,238,43,41.1
2,507,57,38.42
1,458,48,55.0
3,1152,29,35.17
3,998,101,16.91
4,495,40,77.6
1,743,59,64.02
1,748,36,73.17
4,1079,72,14.47
2,1227,47,31.82
4,1064,15,70.97
4,973,56,63.85
2,1331,53,78.87
2,517,24,47.63
1,776,12,41.91
1,325,49,38.39
4,321,14,77.26
2,1321,33,48.09
4,424,29,49.82
2,893,43,61.36
2,616,29,54.45
3,75,56,74.81
4,1155,53,70.07
2,472,31,39.12
1,321,22,40.25
1,863,102,11.63
3,12,54,58.62
4,844,95,34.58
1,503,16,75.71
1,1179,73,37.61
4,78,59,74.02
2,957,66,36.99
3,733,117,20.86
2,1236,56,33.16
4,1075,38,49.09
4,742,52,69.34
1,175,13,69.5
2,1351,23,73.66
3,451,78,10.27
4,1054,39,69.24
4,1141,33,41.08
1,31,118,17.52
1,618,96,22.02
1,1230,101,21.59
1,1123,30,42.83
4,397,31,63.7
1,895,25,40.27
3,608,119,22.6
3,768,97,24.81
4,1352,45,79.82
4,1008,38,72.86
1,987,39,58.65
1,368,56,60.25
2,456,90,13.92
1,1218,34,46.35
2,253,55,75.33
1,100,53,68.28
1,975,23,60.6
3,461,35,62.76
3,1116,119,35.07
3,395,51,35.99
1,813,16,54.45
2,57,12,32.44
1,907,21,53.57
1,645,51,40.61
1,1059,66,26.04
3,186,98,20.96
2,141,74,28.17
2,281,118,18.35
1,41,42,50.76
1,168,118,30.47
4,1001,49,78.06
3,49,47,74.04
2,435,87,36.59
3,971,15,35.51
4,1250,79,35.23
2,1246,56,48.95
3,745,29,71.44
1,1010,71,39.32
1,679,25,46.37
2,1118,37,76.98
3,1350,63,17.69
4,1236,51,36.28
3,1012,28,37.75
2,976,59,52.42
3,44,82,25.97
2,702,79,16.67
1,923,53,44.52
3,151,48,45.72
1,1048,13,39.98
2,768,120,39.23
2,1098,45,48.78
1,971,26,44.68
3,663,65,39.53
4,627,13,67.6
3,1349,97,20.25
3,505,82,34.04
1,673,10,37.22
1,535,77,31.56
1,823,64,33.52
2,1001,16,38.43
2,825,70,28.8
3,917,76,15.0
4,580,48,61.08
1,866,83,14.6
4,257,34,73.9
3,1277,65,25.74
1,1279,114,28.24
4,885,20,71.39
1,765,80,19.47
3,1137,51,50.12
2,824,53,45.34
2,35,38,50.8
4,982,41,55.48
2,344,37,79.73
2,1211,42,72.96
3,875,72,37.88
2,825,72,24.51
3,384,43,76.45
2,603,53,44.34
4,1035,71,24.75
2,1325,97,13.87
4,580,60,45.82
2,1177,53,61.19
1,236,23,70.69
2,737,32,68.57
3,273,51,60.38
1,111,22,44.38
3,1353,29,65.72
1,635,66,14.57
3,778,70,22.29
3,533,54,32.87
3,1354,23,48.41
2,959,74,19.6
3,99,91,37.02
1,39,58,37.97
2,500,115,19.33
3,984,60,15.03
2,623,35,63.45
3,459,57,64.08
1,366,28,56.84
4,114,41,49.01
1,461,39,68.73
3,959,113,10.96
3,1290,36,40.02
4,1019,48,37.26
3,1030,59,33.32
4,267,83,24.53
2,330,68,31.35
3,46,15,46.16
2,1355,29,56.88
1,463,51,34.85
1,824,20,38.68
2,1160,29,47.41
1,416,65,37.63
3,1118,57,58.62
2,643,59,46.5
2,1001,12,74.03
4,744,11,61.97
3,853,20,61.67
4,616,12,64.87
4,597,115,30.23
1,1220,14,71.96
4,1356,15,59.2
3,1264,70,23.08
1,1190,84,37.22
3,1357,56,46.49
4,701,101,30.9
2,678,52,67.57
1,1006,44,30.5
3,345,77,38.0
3,925,78,30.98
3,138,30,51.22
1,950,14,71.86
3,1061,104,15.43
4,1142,65,29.51
2,699,24,53.99
4,605,50,68.46
4,996,26,65.57
3,1238,31,66.21
1,251,110,11.05
1,1354,25,39.67
2,1182,63,19.1
1,1104,37,63.61
4,1100,26,44.23
4,548,37,40.71
2,461,53,59.12
3,714,36,63.09
2,170,54,51.75
3,393,109,15.48
4,1213,106,21.21
4,920,117,12.03
2,538,41,78.8
2,1263,92,36.22
1,1282,42,51.76
1,110,51,45.38
2,1213,105,23.19
2,187,59,68.62
4,809,103,28.78
1,1055,68,16.84
2,842,23,58.48
2,421,26,79.97
1,303,29,61.47
4,976,49,35.39
4,405,102,24.51
3,383,45,48.23
1,242,60,64.14
1,733,105,37.83
1,946,36,60.9
2,600,116,11.88
3,173,20,58.62
2,497,46,76.0
3,682,12,52.22
1,87,64,11.28
4,75,51,59.35
3,590,22,58.21
4,1169,77,35.87
3,521,98,34.43
3,64,88,37.1
1,1273,40,67.31
1,713,11,62.1
1,1236,14,35.06
4,1099,78,27.48
3,108,57,51.93
4,1358,59,49.8
2,401,103,35.37
4,188,25,70.97
2,902,27,46.74
2,121,10,44.52
3,1174,114,18.68
4,1147,38,31.89
1,467,32,65.77
4,529,43,67.24
2,443,50,37.49
3,742,42,78.19
2,882,13,42.44
4,431,49,39.25
3,849,90,16.46
2,555,24,43.84
4,44,75,27.35
2,1150,17,51.1
3,942,35,50.47
3,572,26,61.88
2,1306,93,21.14
4,1038,22,65.83
4,999,112,18.77
4,1262,119,22.49
2,1359,58,43.04
4,863,117,38.71
3,1360,81,18.55
3,1096,66,34.44
1,602,11,55.54
2,13,42,41.33
2,660,106,16.76
4,1100,35,70.65
1,593,48,31.9
2,79,45,65.22
1,91,30,32.6
2,59,108,28.72
1,744,32,55.72
1,85,16,61.25
2,671,40,44.26
1,964,48,36.63
3,1038,15,59.85
2,850,45,78.67
4,386,49,71.38
1,47,18,36.84
1,1234,60,40.34
4,67,79,15.12
4,1245,15,61.91
2,1044,21,46.28
1,1237,24,48.8
1,72,20,73.52
1,360,80,10.39
4,267,109,12.92
2,1235,55,31.47
4,445,52,46.42
1,1209,60,50.03
3,38,57,35.97
3,1050,55,32.36
2,949,94,35.22
2,783,78,30.79
3,1230,109,26.37
4,346,12,43.97
4,885,31,45.36
4,162,74,39.29
3,797,38,77.44
2,880,45,45.03
4,737,21,40.78
2,690,83,19.62
2,977,33,44.78
1,294,29,75.84
1,854,12,70.21
3,713,51,77.8
1,1160,36,37.47
4,1040,95,34.14
2,52,43,70.83
1,1234,19,79.51
3,933,31,49.64
2,205,117,35.64
1,380,39,65.84
3,233,32,44.84
2,639,84,17.25
1,1128,90,23.64
2,215,119,39.8
4,1225,46,38.73
3,908,44,51.22
3,813,21,61.03
4,431,20,51.56
1,411,64,24.55
1,146,74,37.67
3,465,36,72.53
1,204,103,11.55
3,61,34,64.27
3,940,59,71.99
4,389,34,63.99
4,330,81,29.27
2,924,41,44.19
4,1361,48,60.41
3,929,117,33.21
4,1136,91,25.58
3,1132,73,24.61
2,1300,57,48.49
4,74,78,15.36
3,995,22,76.88
3,195,84,19.94
2,1353,32,40.32
3,120,13,47.47
1,613,85,29.86
3,227,33,66.54
4,204,103,33.92
3,216,56,46.73
2,489,44,77.86
1,214,24,60.46
4,1224,20,52.39
4,1106,84,28.54
1,585,38,74.86
3,1248,14,47.69
2,1157,81,18.9
3,534,81,24.57
1,688,14,74.6
2,93,102,10.73
4,998,97,11.99
2,325,45,42.3
3,1362,97,10.84
2,114,47,44.88
1,181,27,51.23
3,879,74,31.19
4,5,19,65.28
2,530,53,47.74
3,241,90,31.01
1,575,54,50.43
4,1269,70,28.25
3,270,85,22.07
2,942,52,45.19
3,754,42,48.23
1,579,59,37.18
1,218,27,35.58
4,843,41,58.57
4,345,107,36.82
4,297,28,36.68
4,15,36,74.79
4,8,51,72.37
4,1363,14,53.68
1,749,16,58.05
1,255,40,60.51
3,1068,29,79.49
3,901,106,39.1
2,165,13,73.51
4,1364,41,48.14
3,262,59,79.31
1,1092,32,57.49
1,1032,58,72.88
3,297,11,75.92
3,1355,29,46.3
3,934,24,33.76
2,4,24,30.25
4,247,63,27.63
1,1291,64,32.26
2,1181,11,37.1
4,828,45,30.04
4,818,19,57.71
2,329,75,22.18
3,319,32,41.65
4,706,34,70.98
4,372,10,63.04
1,1355,20,73.61
1,259,86,33.8
1,1239,68,23.37
1,246,51,69.5
1,431,59,63.32
3,339,26,65.58
2,748,47,66.86
2,501,55,69.56
2,259,81,35.46
3,547,46,78.99
2,1119,41,61.64
1,618,72,28.64
4,431,40,49.32
3,545,22,44.17
2,1365,42,68.26
3,837,39,45.1
2,572,45,70.67
1,1358,46,34.09
2,555,25,33.47
2,256,47,59.13
2,894,54,73.74
3,444,57,47.25
2,271,75,28.64
1,22,91,30.07
3,340,19,79.72
2,478,32,65.71
2,1006,33,60.78
2,9,82,27.86
2,551,58,75.25
2,846,18,78.39
3,1122,11,76.14
2,305,58,49.7
4,104,59,78.0
2,1366,17,68.9
3,900,12,77.9
4,991,25,60.75
3,1361,26,51.47
1,48,28,41.5
1,1011,28,55.5
3,1250,65,19.47
4,1057,52,55.02
4,322,28,62.08
2,1188,12,75.53
3,1367,24,34.13
4,1119,46,66.59
4,1317,21,66.82
4,249,16,75.23
1,327,26,31.88
3,322,37,58.66
3,138,29,72.88
4,1236,22,60.0
3,340,51,69.07
2,1070,39,59.55
2,273,48,51.48
3,42,24,36.11
1,449,99,33.61
4,406,57,51.84
4,534,85,39.02
3,875,115,36.43
4,674,17,40.11
4,396,98,25.45
4,490,44,57.11
4,321,24,38.68
1,728,48,62.26
3,265,53,35.31
3,272,89,36.85
1,933,40,73.93
4,153,11,38.43
4,1140,111,30.5
2,1296,27,65.54
2,1,59,61.97
3,765,76,15.67
4,429,20,30.64
2,1061,105,10.39
2,398,118,31.48
2,589,29,34.4
3,1202,45,46.31
1,285,90,27.09
1,289,85,21.2
1,198,60,71.31
1,933,23,64.82
4,863,85,19.47
2,1128,61,36.77
3,11,61,15.35
2,1196,53,70.73
2,568,49,61.8
3,1368,90,30.46
4,232,57,41.57
2,1369,73,22.29
2,76,37,46.36
3,78,41,45.74
4,845,65,21.34
4,444,12,75.48
2,679,24,41.09
2,1262,113,27.4
1,905,16,36.44
3,777,48,70.29
3,8,40,51.01
4,1080,118,33.04
4,202,93,32.39
4,804,45,33.54
3,1370,30,66.73
4,418,47,52.23
2,919,23,75.52
4,541,112,38.26
1,532,88,25.73
2,661,57,49.34
3,1119,38,73.27
1,129,43,37.22
3,774,46,41.9
1,143,54,46.21
1,1280,74,25.47
2,261,57,48.09
4,1176,50,63.33
3,910,51,35.95
3,1320,99,20.64
4,355,30,48.76
3,1218,25,65.24
1,239,19,61.4
1,1371,47,76.09
1,324,98,29.02
2,194,119,12.2
2,517,19,62.41
3,808,99,37.85
4,874,56,74.35
4,1341,26,62.64
1,461,10,46.23
4,129,11,72.73
3,1311,90,11.67
3,631,19,48.42
3,406,53,60.59
1,451,110,36.78
3,25,23,42.47
4,893,48,65.37
4,529,45,77.6
1,534,89,25.7
3,656,49,36.9
1,190,34,52.96
3,585,12,54.58
2,1277,115,10.82
4,903,44,72.52
2,434,19,60.63
2,208,37,51.54
1,112,14,73.47
4,846,13,35.98
2,124,53,75.06
4,196,96,11.79
1,1272,37,32.91
2,1016,116,16.55
1,901,96,12.26
2,219,20,36.73
3,93,107,32.77
4,472,35,71.84
4,1001,13,70.17
3,865,13,62.1
1,1347,120,33.61
4,1070,12,42.91
1,353,82,36.85
1,990,14,70.95
3,1148,88,34.61
3,100,24,67.08
4,1372,118,13.7
3,763,25,47.65
4,106,60,68.87
2,502,48,45.61
4,1262,80,37.38
3,885,23,53.2
2,313,74,30.33
4,541,111,36.71
4,533,59,70.43
4,601,113,37.1
2,653,29,39.97
1,665,11,69.79
1,4,60,31.45
3,308,74,30.66
3,442,25,72.07
2,299,71,11.55
2,1011,55,79.29
2,997,44,44.01
4,804,38,61.88
4,852,99,36.66
1,546,105,20.9
4,16,49,67.8
1,1184,53,35.74
2,388,20,74.91
1,1339,34,72.31
4,1179,95,39.0
1,696,55,51.35
1,1248,36,46.43
2,583,77,17.2
1,707,25,52.13
1,329,96,15.9
4,598,71,35.73
1,408,18,37.67
3,498,64,20.08
1,44,93,37.59
4,160,18,60.03
1,965,110,29.7
4,1261,98,15.29
2,70,95,39.8
1,438,38,47.53
2,288,24,76.31
1,278,98,23.58
1,357,32,73.08
3,814,32,32.75
1,940,26,70.31
2,273,26,49.06
4,886,98,16.33
2,781,29,63.66
1,275,33,67.76
4,373,56,41.5
2,368,13,32.96
2,1329,86,16.28
3,615,94,18.85
2,550,68,34.06
1,159,58,58.37
4,1189,77,31.8
3,309,28,79.31
2,272,119,32.73
3,284,115,39.36
4,613,110,34.53
1,88,45,63.93
4,539,107,29.23
2,1046,24,36.03
4,66,21,51.71
3,1373,58,67.54
3,441,49,38.93
2,1374,23,52.75
1,687,107,13.09
1,1046,54,67.75
1,208,33,76.08
2,357,46,44.03
3,254,12,30.03
1,442,28,79.15
2,342,105,21.65
3,690,103,18.36
2,1336,59,74.65
1,1207,38,63.38
2,1345,13,49.24
2,1131,52,51.7
2,1090,10,38.65
4,285,69,26.4
1,1098,10,70.65
1,707,18,48.13
1,1375,59,62.04
4,372,52,75.97
2,1302,63,23.65
3,1048,10,48.99
3,605,41,48.53
1,1312,45,43.49
3,749,18,59.22
1,78,28,63.53
3,494,24,75.92
3,857,44,48.65
2,51,24,63.26
1,1024,23,70.54
1,246,16,32.38
1,774,46,55.85
4,1207,54,75.72
1,892,54,64.7
1,124,47,78.89
1,275,12,48.7
1,1206,99,24.36
4,88,38,59.13
1,1376,30,43.98
4,1377,40,70.49
3,869,73,24.56
4,274,32,39.31
4,1378,49,60.6
4,386,55,55.46
2,1056,32,69.76
4,1297,105,31.74
4,1162,93,16.02
4,812,23,67.56
3,853,58,33.75
1,547,32,40.61
3,483,41,58.15
2,1087,66,22.08
3,1179,101,35.62
1,1253,45,41.38
3,101,63,26.76
2,223,42,77.55
2,624,57,55.06
4,1077,79,26.07
3,890,26,67.02
3,1366,43,75.39
3,73,44,44.96
1,797,13,59.52
1,301,49,46.26
4,789,59,38.28
2,311,104,10.12
1,1143,41,47.69
1,44,98,28.33
4,787,31,55.63
2,757,97,10.3
2,1314,97,22.73
2,387,25,54.32
1,225,109,29.69
3,580,54,66.26
2,640,21,64.74
3,25,38,30.12
4,1149,104,38.99
2,211,44,43.37
4,35,17,56.25
2,730,42,36.61
3,1154,55,32.87
3,808,93,23.56
1,28,67,13.5
4,319,25,57.52
3,777,13,59.86
2,315,38,53.37
3,1016,67,20.8
2,101,79,18.25
4,945,86,17.79
2,1336,29,43.36
3,16,37,73.74
2,880,55,34.39
3,616,50,54.78
4,318,46,42.66
2,1070,15,44.17
2,158,52,46.5
3,1054,13,41.17
4,573,27,43.54
2,1044,17,62.09
1,635,115,25.34
2,536,21,37.12
4,112,10,43.28
1,748,46,36.56
3,1379,46,30.53
3,622,11,69.17
1,124,32,45.48
3,683,13,70.6
3,331,43,66.39
2,426,27,70.5
1,1079,61,23.52
3,892,27,77.27
4,162,101,29.81
2,851,116,32.41
3,275,31,71.82
1,721,22,43.59
2,81,33,75.17
4,451,92,16.34
4,1354,20,32.71
1,544,44,62.86
4,529,15,52.4
4,1326,51,44.47
1,1380,32,44.69
1,576,43,40.88
1,965,90,22.72
1,21,80,21.64
4,145,62,31.26
1,510,67,23.85
4,121,53,75.74
4,418,19,50.14
3,462,17,65.09
3,85,47,31.8
3,25,28,48.18
2,817,51,45.06
3,1314,113,12.71
4,649,106,36.34
2,230,52,75.03
1,993,44,61.59
2,1216,52,56.15
3,77,40,65.62
1,1196,14,65.07
3,448,33,42.57
3,663,119,21.19
1,536,39,47.1
3,912,91,29.68
3,357,52,70.69
2,81,58,69.05
2,117,33,60.81
4,1381,48,66.17
1,407,34,49.52
4,1277,69,22.5
3,60,33,54.07
2,125,49,37.95
2,43,50,33.84
3,444,19,56.9
1,1382,31,53.91
2,808,92,20.13
2,1232,111,17.66
3,1383,104,11.08
4,189,17,77.75
1,380,46,57.04
4,584,80,11.72
2,501,29,75.69
2,1384,98,21.96
1,821,26,30.3
4,235,25,65.7
2,723,78,34.56
2,1190,73,18.13
1,831,45,34.89
3,1005,104,29.64
3,31,81,30.62
4,513,91,10.74
1,704,39,65.02
3,1385,99,27.58
4,1003,25,43.99
2,960,50,56.32
4,1132,93,22.43
2,167,119,21.72
4,539,117,19.26
1,540,45,42.56
2,356,32,47.34
2,1150,48,71.41
2,219,30,44.97
1,759,59,71.21
3,694,94,10.05
1,105,64,29.89
4,982,48,64.1
2,1231,28,31.87
2,1250,80,27.86
1,416,79,36.82
2,1160,52,43.27
2,1165,53,43.04
4,1086,59,60.78
3,927,106,15.62
1,1323,28,68.85
4,540,59,79.44
2,1254,44,45.22
3,333,81,27.68
4,17,11,77.69
3,95,53,68.87
4,5,33,55.21
2,533,44,74.56
3,283,26,56.81
1,934,55,52.88
1,1353,44,58.78
1,406,16,35.54
3,1181,59,77.54
3,458,13,46.4
1,329,113,11.99
2,236,53,37.27
4,213,77,10.48
3,1374,20,66.89
1,606,11,56.3
2,707,51,41.16
3,1046,19,57.31
4,107,39,35.68
2,1020,89,15.29
3,937,59,72.86
4,1011,34,48.58
3,1,14,32.3
4,372,32,72.61
2,154,21,30.36
1,674,37,72.84
3,608,82,25.56
2,274,47,58.7
1,1245,28,48.75
1,225,106,15.78
2,1071,112,30.3
3,74,99,34.41
1,74,110,37.42
3,792,32,68.3
2,582,19,67.82
1,431,19,60.67
1,1359,41,77.73
2,886,65,32.94
3,666,101,18.74
3,309,27,35.37
4,69,114,21.51
2,604,59,34.44
1,295,10,57.07
4,899,112,30.93
3,428,32,48.48
1,794,65,20.79
3,876,64,33.04
4,376,16,71.41
2,1100,55,55.69
1,786,39,36.21
2,379,22,32.57
1,269,28,73.13
4,52,46,66.01
2,658,25,59.06
1,794,72,36.08
4,647,82,34.79
4,534,81,10.57
2,314,57,77.02
3,1319,23,70.61
2,346,56,33.95
4,1386,108,38.76
1,244,14,37.91
4,532,69,34.58
2,1145,16,78.99
1,1387,11,61.54
2,1153,107,16.28
1,397,44,77.65
2,9,65,26.49
2,420,31,45.59
3,903,19,48.64
1,39,43,76.72
2,1125,54,74.96
3,231,98,29.95
3,111,31,67.52
1,81,49,31.24
1,383,31,44.89
1,337,43,56.15
1,553,115,33.65
1,1257,56,51.72
3,1323,60,66.57
1,105,63,36.86
3,658,37,35.79
2,90,15,55.27
3,848,55,65.33
3,1021,45,65.61
3,718,40,64.4
3,1044,47,55.23
3,299,102,26.52
4,879,93,18.02
1,598,92,12.94
4,1357,57,49.63
4,1058,56,79.23
3,587,67,28.01
4,837,57,75.89
1,1205,59,44.31
3,1090,23,48.27
1,982,60,78.28
1,353,87,37.94
4,786,48,72.55
4,1384,61,28.31
